{"type":"FeatureCollection","features":[{"type":"Feature","properties":{"id":"akhandBharat","name":"Akhand Bharat"},"geometry":{"type":"MultiPolygon","coordinates":[[[[78.3848,32.5475],[78.381,32.528],[78.4092,32.4766],[78.381,32.528],[78.3848,32.5475]]],[[[98.115,28.1439],[98.212,28.1916],[98.2477,28.22],[98.2708,28.2619],[98.2998,28.3548],[98.3368,28.3354],[98.41,28.2506],[98.4476,28.2317],[98.4899,28.2481],[98.5758,28.3175],[98.6135,28.3676],[98.6443,28.4439],[98.6358,28.5003],[98.594,28.5832],[98.585,28.6265],[98.5892,28.6703],[98.6073,28.6949],[98.6724,28.7362],[98.6787,28.7491],[98.6531,28.8256],[98.6545,28.8552],[98.6387,28.8787],[98.6353,28.9414],[98.6462,28.9644],[98.783,29.0016],[98.8507,28.8201],[98.8735,28.8118],[98.912,28.8221],[98.9456,28.842],[98.9509,28.8594],[98.9089,28.9124],[98.9171,28.9615],[98.9324,28.9863],[98.9926,29.0225],[99.0077,29.0437],[99.0004,29.0927],[98.9722,29.159],[98.9802,29.1932],[98.9981,29.2051],[99.1088,29.2238],[99.0625,29.3083],[99.0629,29.3482],[99.0488,29.3877],[99.059,29.418],[99.042,29.5625],[98.9868,29.6509],[99.001,29.757],[99.0147,29.7679],[99.001,29.785],[99.0055,29.8201],[99.0563,29.9153],[99.0368,29.9756],[99.0341,30.0553],[98.9868,30.1444],[98.9607,30.46],[98.9328,30.4907],[98.9318,30.5796],[98.9054,30.6638],[98.9055,30.6825],[98.9533,30.7082],[98.9607,30.7272],[98.9543,30.7479],[98.8986,30.7787],[98.7877,30.8809],[98.7751,30.9022],[98.798,30.9409],[98.803,30.991],[98.7649,31.0152],[98.7262,31.0597],[98.6931,31.1247],[98.6516,31.1555],[98.6038,31.1698],[98.6203,31.1879],[98.6114,31.2562],[98.6212,31.2889],[98.6491,31.3167],[98.6827,31.3159],[98.7316,31.278],[98.7678,31.2304],[98.803,31.2579],[98.885,31.3541],[98.5922,31.5988],[98.5691,31.6318],[98.5587,31.6771],[98.5015,31.7498],[98.4685,31.7669],[98.4455,31.8036],[98.4257,31.8134],[98.4353,31.8384],[98.419,31.8799],[98.445,31.908],[98.4567,31.9605],[98.453,31.9841],[98.3935,32.0401],[98.3747,32.0804],[98.3096,32.1287],[98.2202,32.2522],[98.2058,32.3556],[98.1231,32.4003],[98.0806,32.4047],[98.0142,32.4645],[97.8868,32.4976],[97.8565,32.5191],[97.8178,32.5133],[97.7157,32.5442],[97.6963,32.5013],[97.6667,32.4893],[97.6528,32.4549],[97.6309,32.4441],[97.5767,32.4815],[97.5012,32.4847],[97.4008,32.5032],[97.3609,32.5002],[97.326,32.4122],[97.3932,32.385],[97.3941,32.3536],[97.3749,32.3173],[97.3885,32.2808],[97.3598,32.2605],[97.2917,32.265],[97.2769,32.2523],[97.2446,32.1645],[97.251,32.1283],[97.2766,32.1138],[97.2549,32.0758],[97.2251,32.063],[97.1835,32.0646],[97.1754,32.0344],[97.1428,32.0127],[96.9998,32.0217],[96.9146,31.9901],[96.8717,31.9944],[96.8038,31.973],[96.7377,31.9689],[96.7354,31.9515],[96.7864,31.9101],[96.7897,31.8968],[96.7485,31.8239],[96.7967,31.7374],[96.7954,31.7155],[96.7637,31.6809],[96.7374,31.6798],[96.6495,31.7257],[96.4646,31.7607],[96.3827,31.8185],[96.3316,31.8909],[96.3074,31.9062],[96.2782,31.9091],[96.1826,31.8712],[96.145,31.8195],[96.1412,31.7971],[96.1478,31.7799],[96.2002,31.7466],[96.2228,31.72],[96.2323,31.682],[96.2146,31.6068],[96.236,31.5777],[96.2294,31.558],[96.193,31.5347],[96.1673,31.548],[96.1248,31.6215],[96.108,31.6886],[96.0621,31.7138],[95.9524,31.7054],[95.8489,31.7143],[95.7848,31.6947],[95.725,31.7464],[95.6449,31.7604],[95.5927,31.7616],[95.5069,31.7418],[95.4869,31.7467],[95.4068,31.8107],[95.3944,31.8396],[95.3902,31.8879],[95.3543,31.9544],[95.3555,31.9799],[95.3725,31.9994],[95.4243,32.0183],[95.4066,32.0435],[95.4253,32.0948],[95.3962,32.1621],[95.3176,32.1843],[95.2695,32.2409],[95.0783,32.2545],[94.9684,32.3196],[94.9513,32.3372],[94.9368,32.438],[94.9244,32.456],[94.8522,32.5001],[94.7552,32.5355],[94.7218,32.5929],[94.6714,32.6205],[94.6149,32.6727],[94.5822,32.6722],[94.5206,32.6313],[94.4106,32.5915],[94.3804,32.6141],[94.3568,32.6141],[94.335,32.55],[94.1783,32.5223],[94.1108,32.4782],[94.0046,32.4806],[93.9309,32.5096],[93.8774,32.4954],[93.8524,32.4998],[93.802,32.5552],[93.7342,32.5725],[93.6447,32.5735],[93.5972,32.5646],[93.4949,32.514],[93.4755,32.5188],[93.4426,32.5633],[93.3624,32.569],[93.1957,32.6672],[93.0817,32.6653],[93.044,32.6523],[93.0235,32.678],[93.0059,32.7346],[92.9859,32.7437],[92.9067,32.7269],[92.85,32.7289],[92.7273,32.7606],[92.65,32.7404],[92.5268,32.7534],[92.4658,32.7694],[92.4191,32.7559],[92.373,32.7712],[92.3347,32.7522],[92.2974,32.7625],[92.2566,32.7444],[92.2214,32.745],[92.2032,32.7615],[92.1876,32.8153],[92.2038,32.8582],[92.1961,32.8686],[92.1015,32.8878],[92.031,32.8538],[91.9768,32.8486],[91.9244,32.8715],[91.8549,32.9231],[91.8131,32.9683],[91.7203,32.9825],[91.5427,33.0803],[91.4752,33.1407],[91.3765,33.2713],[91.3681,33.292],[91.3999,33.3165],[91.3707,33.3357],[91.1776,33.3346],[91.1529,33.3147],[91.1425,33.2674],[91.1279,33.2543],[91.0375,33.2348],[90.94,33.2366],[90.8416,33.1546],[90.7738,33.1391],[90.6826,33.1493],[90.5826,33.1886],[90.4695,33.252],[90.4244,33.288],[90.3596,33.2838],[90.3056,33.2951],[90.262,33.3267],[90.2057,33.4015],[90.1924,33.4545],[90.2032,33.5001],[90.1602,33.5604],[90.0974,33.5973],[90.0372,33.6051],[89.9751,33.6306],[89.9528,33.7155],[89.8922,33.7556],[89.887,33.8139],[89.8008,33.8802],[89.7714,33.8878],[89.7419,33.9095],[89.6811,33.9834],[89.6359,34.0745],[89.6367,34.0934],[89.658,34.131],[89.6809,34.1434],[89.7306,34.1487],[89.7866,34.1985],[89.8186,34.3175],[89.8445,34.358],[89.8403,34.3833],[89.7957,34.4084],[89.7911,34.5541],[89.7618,34.6627],[89.725,34.6965],[89.7158,34.7251],[89.812,34.8123],[89.8252,34.8461],[89.808,34.906],[89.7782,34.9304],[89.725,34.9385],[89.6097,34.9347],[89.5692,34.948],[89.5607,34.9788],[89.5717,35.0733],[89.4702,35.1891],[89.4541,35.2246],[89.4831,35.2669],[89.4805,35.3322],[89.4916,35.3504],[89.6187,35.3872],[89.7376,35.45],[89.7434,35.4693],[89.6999,35.4976],[89.6907,35.5198],[89.7228,35.5663],[89.7151,35.6423],[89.7813,35.7534],[89.7926,35.818],[89.7601,35.838],[89.6337,35.8325],[89.5116,35.8639],[89.4846,35.8802],[89.4589,35.9166],[89.4351,35.9878],[89.4669,36.0271],[89.5147,36.0533],[89.6778,36.082],[89.2236,36.2636],[89.1105,36.2623],[88.9829,36.2761],[88.8827,36.3502],[88.8386,36.3717],[88.7117,36.3684],[88.5224,36.4143],[88.4592,36.4489],[88.3983,36.4548],[88.2768,36.4486],[88.1488,36.4284],[88.0001,36.4284],[87.8876,36.3691],[87.5709,36.3338],[87.5006,36.3365],[87.3945,36.3701],[87.3456,36.3741],[87.1799,36.301],[87.0635,36.2922],[87.0008,36.2741],[86.787,36.2603],[86.6613,36.2201],[86.4748,36.2239],[86.4113,36.1745],[86.2724,36.1456],[86.2123,36.1159],[86.1868,36.0343],[86.1692,36.0094],[86.1286,35.9804],[86.1126,35.9211],[86.0874,35.8756],[85.9732,35.7722],[85.9299,35.7617],[85.7682,35.7726],[85.7289,35.7661],[85.6198,35.6754],[85.5713,35.656],[85.5487,35.669],[85.5239,35.7163],[85.4426,35.7521],[85.3674,35.7549],[85.2708,35.7302],[85.2145,35.7472],[85.1498,35.7498],[84.9236,35.6893],[84.8475,35.6335],[84.7776,35.6005],[84.5634,35.5595],[84.2147,35.389],[84.1743,35.3768],[84.1332,35.3775],[84.0511,35.4117],[84.0091,35.4185],[83.8707,35.3745],[83.6151,35.359],[83.5648,35.3607],[83.4526,35.3936],[83.3286,35.3971],[83.2262,35.4235],[83.1218,35.4044],[82.9718,35.4904],[82.9766,35.6214],[82.9568,35.6572],[82.9126,35.6829],[82.8254,35.6918],[82.7846,35.6845],[82.7104,35.6502],[82.4585,35.6876],[82.4145,35.6857],[82.3189,35.6337],[82.3098,35.5716],[82.2892,35.545],[82.0661,35.4337],[82.037,35.352],[82.0022,35.3194],[81.9243,35.2922],[81.7114,35.2457],[81.6042,35.2369],[81.5587,35.2448],[81.4618,35.3102],[81.4174,35.326],[81.3573,35.3324],[81.2597,35.3142],[81.2102,35.3169],[81.0735,35.3895],[81.0507,35.3833],[81.0372,35.3635],[81.0352,35.3042],[80.9789,35.2934],[80.8758,35.3434],[80.7582,35.3444],[80.6706,35.3814],[80.5413,35.3909],[80.486,35.4042],[80.3881,35.4576],[80.3192,35.5093],[80.2742,35.5276],[80.2579,35.5017],[80.2595,35.4173],[80.1762,35.2532],[80.1505,35.2195],[80.0366,35.1199],[80.0142,35.0859],[80.0142,35.0734],[80.0452,35.0302],[80.0379,34.99],[80.01,34.9711],[79.9263,34.9547],[79.8838,34.9196],[79.8812,34.8939],[79.9026,34.8561],[79.9111,34.8077],[79.9585,34.7487],[79.96,34.6974],[79.8627,34.5212],[79.794,34.431],[79.7696,34.4142],[79.7279,34.4112],[79.6025,34.4587],[79.5126,34.4717],[79.4531,34.4666],[79.3384,34.4308],[79.2045,34.4394],[79.0377,34.3847],[78.9569,34.34],[78.9762,34.3092],[78.9512,34.3492],[78.9221,34.3723],[78.8017,34.415],[78.7507,34.4713],[78.6646,34.5264],[78.6073,34.5465],[78.3794,34.5787],[78.3353,34.5944],[78.296,34.6247],[78.2732,34.6589],[78.2114,34.8483],[78.1622,34.9088],[78.1481,34.9431],[78.13,35.0554],[78.0364,35.1942],[78.0012,35.2689],[78.0098,35.3475],[78.0556,35.4529],[78.0443,35.4916],[77.9859,35.4942],[77.9579,35.4821],[77.9127,35.441],[77.8831,35.4311],[77.8342,35.4522],[77.8003,35.4954],[77.049,35.1104],[76.7774,35.6461],[76.7454,35.655],[76.6767,35.7138],[76.5708,35.7513],[76.5511,35.784],[76.5653,35.8655],[76.5555,35.8979],[76.5372,35.9025],[76.5002,35.8715],[76.4321,35.8605],[76.4031,35.831],[76.3489,35.831],[76.312,35.8096],[76.2604,35.8178],[76.166,35.8062],[76.1381,35.8267],[76.1147,35.9418],[76.09,35.9781],[76.0614,35.9916],[75.9843,35.9956],[75.9223,36.0317],[75.9,36.0635],[75.8943,36.0974],[75.9014,36.1136],[75.9715,36.155],[75.9774,36.1738],[75.9701,36.2023],[76.0144,36.2304],[76.0119,36.2481],[75.9688,36.302],[75.9686,36.3418],[75.9874,36.4212],[75.9766,36.4626],[75.8748,36.6195],[75.8498,36.6447],[75.7287,36.7232],[75.6498,36.754],[75.5705,36.7667],[75.508,36.7476],[75.4926,36.7207],[75.4319,36.7229],[75.4105,36.7473],[75.3945,36.8643],[75.378,36.8943],[75.3513,36.9158],[75.3135,36.9288],[75.1951,36.9489],[75.1001,36.9941],[74.9768,36.9843],[74.925,36.9709],[74.9008,36.9499],[74.8858,36.9114],[74.8724,36.9071],[74.8532,36.959],[74.8245,36.9941],[74.7926,37.0152],[74.7192,37.0164],[74.678,37.0517],[74.6624,37.0545],[74.5424,37.0217],[74.5192,37.0302],[74.4766,37.0831],[74.3826,37.1266],[74.3661,37.1478],[74.3683,37.1671],[74.4567,37.1773],[74.4873,37.2259],[74.5001,37.2316],[74.59,37.2434],[74.6233,37.2308],[74.651,37.2596],[74.6763,37.2637],[74.7215,37.2978],[74.7374,37.2961],[74.794,37.2139],[74.8923,37.2311],[74.8626,37.2446],[74.7885,37.3312],[74.6604,37.394],[74.6314,37.3811],[74.5212,37.3756],[74.4548,37.3936],[74.3781,37.3938],[74.3438,37.421],[74.3209,37.4139],[74.3156,37.4269],[74.3038,37.4002],[74.2239,37.4034],[74.2077,37.3899],[74.206,37.3557],[74.1876,37.3384],[73.8362,37.2567],[73.7982,37.2285],[73.7461,37.2305],[73.7092,37.217],[73.6805,37.2425],[73.6177,37.2332],[73.6016,37.2409],[73.5973,37.2618],[73.631,37.296],[73.6904,37.3052],[73.7391,37.3383],[73.7535,37.4284],[73.6745,37.431],[73.4853,37.481],[73.4406,37.4799],[73.3784,37.4525],[73.345,37.4645],[73.2963,37.4649],[73.2603,37.45],[73.2115,37.4083],[73.1702,37.4083],[73.1321,37.3844],[73.0878,37.3261],[73.0675,37.3151],[72.9956,37.3093],[72.9243,37.2748],[72.9022,37.2538],[72.8305,37.2398],[72.7907,37.2203],[72.6577,37.0288],[72.5087,37.0111],[72.475,36.9975],[72.4059,37.0077],[72.2598,36.9673],[72.1267,36.8727],[71.8366,36.6992],[71.7976,36.6861],[71.6999,36.6786],[71.6111,36.7048],[71.5639,36.7507],[71.5285,36.8561],[71.4717,36.93],[71.46,37.0107],[71.4311,37.067],[71.4332,37.1273],[71.4538,37.1926],[71.4501,37.2167],[71.487,37.2671],[71.4939,37.3075],[71.4871,37.4091],[71.5112,37.4859],[71.4972,37.5665],[71.5015,37.6103],[71.5221,37.6376],[71.5409,37.7097],[71.5295,37.7611],[71.5378,37.779],[71.5903,37.8157],[71.5903,37.8914],[71.5977,37.8984],[71.5371,37.9445],[71.5012,37.9462],[71.3792,37.9129],[71.3412,37.8933],[71.2818,37.925],[71.2583,37.9265],[71.2558,37.9499],[71.2726,37.998],[71.3024,38.0423],[71.3591,38.1841],[71.3582,38.2513],[71.3344,38.2807],[71.2177,38.3258],[71.1174,38.3986],[71.077,38.4122],[71.0498,38.4087],[70.9982,38.4657],[70.9507,38.4731],[70.9435,38.4659],[70.9468,38.4432],[70.9362,38.433],[70.871,38.4532],[70.843,38.4402],[70.7773,38.4465],[70.7611,38.4435],[70.7418,38.4194],[70.6649,38.4054],[70.6848,38.3867],[70.6414,38.3542],[70.6,38.3471],[70.5831,38.2751],[70.5472,38.2627],[70.4703,38.1205],[70.4154,38.0945],[70.2838,37.9819],[70.2539,37.9734],[70.2502,37.9556],[70.2615,37.9393],[70.2147,37.9293],[70.1721,37.9461],[70.1605,37.9207],[70.1652,37.8899],[70.196,37.8399],[70.2472,37.8192],[70.2565,37.7918],[70.2751,37.7742],[70.2696,37.7626],[70.2831,37.7048],[70.2751,37.6755],[70.2536,37.6546],[70.2483,37.6233],[70.2165,37.6171],[70.1994,37.5793],[70.1579,37.5414],[70.1291,37.5323],[70.0076,37.5488],[69.9895,37.5673],[69.9554,37.5755],[69.9188,37.6171],[69.8952,37.6182],[69.8022,37.5815],[69.7543,37.5967],[69.665,37.5762],[69.5287,37.586],[69.5087,37.579],[69.4914,37.537],[69.4254,37.4942],[69.3784,37.4374],[69.377,37.3807],[69.3912,37.3707],[69.3864,37.3415],[69.4179,37.2677],[69.4099,37.2457],[69.4452,37.2364],[69.4421,37.2236],[69.3912,37.1647],[69.3239,37.121],[69.2658,37.1054],[69.2457,37.1039],[69.1236,37.1692],[69.0964,37.213],[69.0358,37.2516],[69.021,37.288],[68.9852,37.3204],[68.8879,37.3381],[68.8903,37.3229],[68.9176,37.3024],[68.9158,37.2791],[68.8903,37.282],[68.8568,37.3249],[68.8358,37.3291],[68.8138,37.3234],[68.8102,37.3121],[68.822,37.282],[68.8204,37.2509],[68.7596,37.2752],[68.6689,37.2783],[68.6575,37.2677],[68.6712,37.2472],[68.6486,37.2444],[68.6269,37.2063],[68.5515,37.1926],[68.5239,37.1647],[68.4037,37.1516],[68.418,37.1283],[68.4115,37.1134],[68.3919,37.1054],[68.3073,37.1142],[68.2883,37.1032],[68.2808,37.0867],[68.2883,37.0244],[68.2778,37.0101],[68.1864,37.0183],[68.0549,36.9346],[68.0202,36.9257],[67.9618,36.9899],[67.9184,37.0138],[67.8781,37.0644],[67.808,37.0832],[67.7731,37.11],[67.7805,37.1889],[67.776,37.2075],[67.7466,37.2294],[67.6775,37.2335],[67.6332,37.2541],[67.5923,37.2472],[67.5614,37.2199],[67.545,37.2315],[67.5261,37.2729],[67.5031,37.282],[67.4824,37.2774],[67.3912,37.2196],[67.3196,37.2084],[67.2591,37.1851],[67.2368,37.1924],[67.208,37.2435],[67.1878,37.2582],[67.1233,37.282],[67.0974,37.3406],[67.0059,37.3844],[66.735,37.3633],[66.6941,37.3434],[66.6547,37.3461],[66.5886,37.3685],[66.539,37.3691],[66.4511,37.3229],[66.4135,37.3496],[66.3207,37.3291],[66.2944,37.3312],[66.2185,37.3748],[66.1429,37.3851],[66.0797,37.4409],[65.8552,37.5079],[65.8291,37.5256],[65.8043,37.5653],[65.7614,37.5784],[65.7527,37.5379],[65.7394,37.5291],[65.681,37.5264],[65.6587,37.5103],[65.621,37.4304],[65.6289,37.3875],[65.6241,37.3451],[65.5369,37.2571],[65.5014,37.2423],[65.0631,37.2332],[64.9891,37.2137],[64.7788,37.118],[64.7602,37.0926],[64.7556,37.0536],[64.7788,36.9385],[64.7652,36.9046],[64.6048,36.6606],[64.5888,36.6005],[64.6105,36.5009],[64.5944,36.4242],[64.5767,36.3896],[64.4777,36.2716],[64.4446,36.25],[64.3037,36.2115],[64.2661,36.1525],[64.1959,36.1659],[64.1587,36.1603],[64.0573,36.1052],[64.0362,36.0764],[64.0451,35.9987],[63.95,36.0289],[63.8898,36.0296],[63.7659,35.9773],[63.5821,35.959],[63.5111,35.9018],[63.4302,35.871],[63.3429,35.8563],[63.1041,35.8565],[63.0844,35.8261],[63.112,35.7699],[63.1839,35.7123],[63.2144,35.6993],[63.2077,35.6832],[63.1799,35.6665],[63.1032,35.646],[63.0766,35.6247],[63.0774,35.5588],[63.1007,35.525],[63.0802,35.4371],[63.0668,35.4256],[62.9853,35.4146],[62.9182,35.3882],[62.8276,35.3293],[62.7605,35.3024],[62.6936,35.2484],[62.6045,35.2194],[62.5662,35.2308],[62.5355,35.2274],[62.4589,35.2819],[62.4319,35.2806],[62.2862,35.1406],[62.251,35.2023],[62.2512,35.2604],[62.2337,35.2938],[62.1363,35.3414],[62.0075,35.4389],[61.9777,35.4509],[61.9194,35.4518],[61.799,35.4175],[61.7396,35.4138],[61.6047,35.4306],[61.5387,35.4523],[61.4277,35.5428],[61.3932,35.5536],[61.3803,35.5673],[61.3835,35.5865],[61.3515,35.6071],[61.3609,35.621],[61.3515,35.6278],[61.2697,35.6185],[61.29,35.5481],[61.1951,35.3901],[61.1951,35.3181],[61.1871,35.3004],[61.1227,35.2877],[61.1083,35.278],[61.1025,35.2567],[61.1124,35.202],[61.0964,35.1932],[61.1399,35.1397],[61.1368,35.1112],[61.1473,35.1021],[61.1159,35.0599],[61.0889,34.9519],[61.0748,34.9331],[61.0777,34.883],[61.0655,34.8147],[61.0348,34.8062],[61.0096,34.761],[60.9599,34.7232],[60.962,34.6738],[60.9475,34.638],[60.8954,34.6283],[60.8385,34.5709],[60.794,34.5541],[60.7393,34.548],[60.7144,34.5374],[60.6997,34.5164],[60.7189,34.5112],[60.7428,34.4735],[60.7794,34.4551],[60.8905,34.3189],[60.6437,34.3066],[60.6506,34.2854],[60.5524,34.2201],[60.4928,34.139],[60.4868,34.0943],[60.528,33.8414],[60.5258,33.8021],[60.4869,33.7114],[60.5118,33.6384],[60.5748,33.5878],[60.6556,33.5599],[60.846,33.5558],[60.8951,33.5411],[60.9209,33.5141],[60.9121,33.5015],[60.8322,33.4845],[60.8291,33.4163],[60.757,33.3663],[60.5615,33.1373],[60.5629,33.0583],[60.5775,32.9943],[60.8303,32.2489],[60.8148,32.0879],[60.7749,32.0272],[60.7926,32.0113],[60.784,31.9893],[60.795,31.9585],[60.7915,31.8265],[60.8053,31.734],[60.7926,31.6601],[60.8217,31.4947],[60.855,31.4827],[61.6869,31.3732],[61.7423,31.3209],[61.7492,31.3024],[61.7427,31.2395],[61.7792,31.1811],[61.7918,31.1189],[61.8263,31.0346],[61.8193,30.9939],[61.8002,30.9614],[61.8084,30.8814],[61.7999,30.8715],[61.8023,30.8471],[60.8444,29.8582],[61.2792,29.4066],[61.3374,29.3744],[61.3466,29.3491],[61.3328,29.2749],[61.387,29.2066],[61.3979,29.1591],[61.4377,29.1396],[61.4609,29.0939],[61.4878,29.0807],[61.4872,29.0629],[61.468,29.0417],[61.5109,29.0074],[61.5532,28.9221],[61.5665,28.871],[61.653,28.7563],[61.7562,28.674],[61.8928,28.5426],[62.0491,28.4863],[62.1475,28.4753],[62.2307,28.4425],[62.3628,28.4189],[62.3905,28.4061],[62.421,28.3686],[62.4643,28.3498],[62.4923,28.3007],[62.5756,28.229],[62.7393,28.2583],[62.7615,28.2464],[62.7664,28.2115],[62.7357,27.995],[62.7803,27.8297],[62.8147,27.495],[62.8086,27.4534],[62.756,27.3481],[62.7757,27.3269],[62.7788,27.2998],[62.7681,27.2744],[62.7424,27.2668],[62.8006,27.2252],[62.8293,27.2336],[62.8924,27.2135],[63.1771,27.2584],[63.2713,27.2034],[63.3196,27.1173],[63.2806,27.1232],[63.2609,27.1156],[63.2314,27.0658],[63.235,26.9411],[63.2649,26.89],[63.2616,26.8717],[63.2467,26.8596],[63.1896,26.846],[63.1743,26.685],[63.1638,26.6451],[63.1413,26.6254],[63.098,26.6384],[63.0689,26.6325],[62.7536,26.6442],[62.7019,26.604],[62.671,26.5977],[62.6406,26.6051],[62.5953,26.5807],[62.4185,26.5623],[62.3967,26.5391],[62.3559,26.5366],[62.292,26.5012],[62.2979,26.474],[62.249,26.4165],[62.2651,26.361],[62.2434,26.3506],[62.1238,26.374],[62.0942,26.3148],[62.0323,26.3029],[61.9777,26.2732],[61.8571,26.2424],[61.8329,26.2254],[61.8099,26.1674],[61.7545,25.82],[61.7393,25.8033],[61.6814,25.7955],[61.6603,25.7692],[61.6764,25.6928],[61.6735,25.6583],[61.6432,25.6133],[61.62,25.2855],[61.5882,25.2021],[61.6942,25.2005],[61.7495,25.1732],[61.7831,25.188],[61.76,25.1154],[61.7285,25.0831],[61.7359,25.0695],[61.7201,25.0374],[61.7296,25.0218],[61.7549,25.0135],[61.8473,25.0379],[61.8811,25.103],[62.0972,25.1071],[62.059,25.1616],[62.08,25.1972],[62.1452,25.2184],[62.2542,25.212],[62.2975,25.1851],[62.3181,25.1418],[62.3153,25.1302],[62.2908,25.1247],[62.2561,25.0986],[62.3811,25.0876],[62.3872,25.1016],[62.3391,25.1247],[62.3431,25.1555],[62.3659,25.1794],[62.4138,25.2065],[62.4894,25.2142],[62.4676,25.2235],[62.465,25.2373],[62.4772,25.2591],[62.7705,25.2619],[62.9424,25.2278],[63.0278,25.2204],[63.1441,25.2609],[63.2442,25.2414],[63.2914,25.2228],[63.4111,25.2225],[63.5005,25.1937],[63.5187,25.2209],[63.4817,25.2602],[63.4695,25.2893],[63.4852,25.2843],[63.4958,25.2914],[63.5376,25.3445],[63.5725,25.365],[63.6699,25.3836],[63.7378,25.3853],[63.9441,25.3349],[63.9697,25.3445],[63.9871,25.3383],[64.0597,25.3445],[64.0796,25.365],[64.0488,25.4165],[64.0117,25.3973],[63.9971,25.4196],[63.9766,25.4128],[64.0454,25.4503],[64.0565,25.4417],[64.1273,25.4538],[64.1507,25.4514],[64.1509,25.4321],[64.0938,25.4318],[64.0796,25.4162],[64.1069,25.3854],[64.0945,25.3359],[64.2446,25.3166],[64.2658,25.2987],[64.3607,25.283],[64.4175,25.2409],[64.4393,25.2346],[64.492,25.2457],[64.5184,25.2756],[64.5654,25.2702],[64.6106,25.2517],[64.6277,25.2285],[64.627,25.2116],[64.6004,25.1732],[64.655,25.1657],[64.7102,25.1794],[64.7092,25.1907],[64.6686,25.2067],[64.6686,25.2551],[64.696,25.2976],[64.7444,25.324],[64.8073,25.3285],[64.8611,25.3166],[64.8897,25.3284],[64.9207,25.3271],[65.1553,25.2961],[65.188,25.311],[65.2323,25.3707],[65.2598,25.3804],[65.2923,25.365],[65.3362,25.3853],[65.3954,25.3923],[65.3823,25.3712],[65.4007,25.3667],[65.4678,25.3854],[65.6521,25.3445],[65.7654,25.378],[65.8584,25.4175],[65.9245,25.4186],[66.069,25.4462],[66.1592,25.4469],[66.2518,25.4729],[66.2787,25.4674],[66.3119,25.4749],[66.3595,25.4652],[66.4984,25.3985],[66.5116,25.4142],[66.4575,25.4538],[66.4922,25.481],[66.4562,25.496],[66.4232,25.481],[66.3885,25.522],[66.3527,25.5355],[66.3364,25.5534],[66.2581,25.5431],[66.2588,25.5248],[66.2131,25.4914],[66.0944,25.4748],[66.1374,25.5138],[66.1672,25.5661],[66.2039,25.5932],[66.2581,25.612],[66.3386,25.6081],[66.3755,25.6257],[66.3726,25.6039],[66.3877,25.5924],[66.437,25.5977],[66.4928,25.5181],[66.5059,25.522],[66.5127,25.5084],[66.531,25.5181],[66.5505,25.4571],[66.5871,25.4262],[66.5912,25.3996],[66.5793,25.3794],[66.5537,25.3854],[66.5479,25.3656],[66.7102,25.2392],[66.7372,25.1811],[66.7323,25.1433],[66.6996,25.0853],[66.6813,24.9489],[66.6813,24.9105],[66.7044,24.892],[66.6567,24.8587],[66.6541,24.8392],[66.6797,24.8306],[66.7796,24.851],[66.8025,24.8395],[66.8821,24.851],[66.9412,24.8126],[66.9651,24.81],[66.9577,24.8436],[66.9651,24.8436],[66.9873,24.8222],[67.0825,24.7742],[67.0737,24.7958],[67.0812,24.8033],[67.0999,24.7971],[67.1397,24.8033],[67.156,24.7916],[67.1673,24.7602],[67.2327,24.7707],[67.2555,24.748],[67.1755,24.6887],[67.157,24.6629],[67.1521,24.6157],[67.209,24.6138],[67.2526,24.5903],[67.2181,24.5824],[67.1836,24.5903],[67.1946,24.5473],[67.2308,24.5251],[67.2109,24.5084],[67.2468,24.468],[67.2588,24.4191],[67.2866,24.4395],[67.2717,24.3691],[67.283,24.3576],[67.3254,24.3576],[67.3625,24.3439],[67.3059,24.3428],[67.286,24.3296],[67.2928,24.303],[67.2791,24.2812],[67.2923,24.2619],[67.2956,24.1992],[67.3371,24.119],[67.3413,24.0864],[67.354,24.0709],[67.4407,24.0703],[67.5098,24.0521],[67.5331,24.0703],[67.5199,24.0451],[67.4922,24.028],[67.4782,24.0324],[67.4512,23.9877],[67.5064,23.974],[67.4989,23.9256],[67.5405,23.9393],[67.5125,23.8983],[67.4785,23.8915],[67.5466,23.871],[67.5301,23.8913],[67.5326,23.8992],[67.5466,23.8983],[67.5746,23.8718],[67.5884,23.8847],[67.5894,23.8665],[67.6145,23.8501],[67.6292,23.8567],[67.6374,23.8743],[67.638,23.9159],[67.6504,23.9331],[67.6566,23.9194],[67.6316,23.8035],[67.7157,23.7917],[67.7437,23.8088],[67.7411,23.8231],[67.7186,23.8437],[67.8317,23.8095],[67.8552,23.9119],[67.8689,23.8505],[67.8999,23.8676],[67.9099,23.8362],[67.9343,23.833],[67.9509,23.8089],[67.9719,23.8021],[67.9942,23.8112],[68.0135,23.7685],[68.0539,23.8294],[68.0135,23.9393],[68.0477,23.9212],[68.0637,23.9232],[68.0539,23.8847],[68.0594,23.8619],[68.1022,23.8157],[68.0817,23.8057],[68.0744,23.7648],[68.057,23.751],[68.0628,23.7231],[68.0817,23.7087],[68.0989,23.7093],[68.1022,23.7338],[68.1491,23.6945],[68.1575,23.6962],[68.1433,23.7611],[68.1706,23.8399],[68.1575,23.8642],[68.1575,23.9051],[68.1831,23.8435],[68.1637,23.7577],[68.1693,23.7482],[68.1978,23.7748],[68.1975,23.7145],[68.2249,23.6819],[68.259,23.6747],[68.2804,23.686],[68.2759,23.6658],[68.2451,23.6591],[68.2326,23.6449],[68.2208,23.6584],[68.1997,23.6596],[68.1848,23.6522],[68.1754,23.6314],[68.1502,23.6314],[68.1434,23.6127],[68.1814,23.5941],[68.3176,23.5861],[68.3489,23.6034],[68.3516,23.6178],[68.342,23.624],[68.4277,23.7143],[68.5989,23.7819],[68.6335,23.8331],[68.7178,23.841],[68.7669,23.8784],[68.78,23.8741],[68.8057,23.8844],[68.8216,23.8784],[68.7256,23.8189],[68.6707,23.8157],[68.6379,23.7615],[68.5835,23.7353],[68.5335,23.6792],[68.4694,23.6592],[68.4688,23.6408],[68.4927,23.6376],[68.4915,23.6188],[68.4275,23.6314],[68.4089,23.6213],[68.4061,23.5087],[68.4116,23.4947],[68.447,23.503],[68.4373,23.5488],[68.4587,23.5215],[68.4813,23.5251],[68.4859,23.5141],[68.4474,23.4875],[68.4237,23.4458],[68.4404,23.4343],[68.4655,23.4458],[68.4588,23.4198],[68.4754,23.4049],[68.5015,23.4233],[68.5301,23.4257],[68.541,23.4117],[68.5151,23.3993],[68.5207,23.3692],[68.541,23.357],[68.561,23.3639],[68.5711,23.3464],[68.603,23.3328],[68.6069,23.3256],[68.5991,23.3223],[68.561,23.3161],[68.541,23.2782],[68.5523,23.2597],[68.5778,23.2553],[68.6231,23.2676],[68.6094,23.2267],[68.5957,23.2404],[68.5999,23.225],[68.6226,23.1916],[68.6497,23.1809],[68.6541,23.1578],[68.8662,23.02],[69.0399,22.9505],[69.2019,22.8522],[69.3381,22.8331],[69.5,22.7817],[69.557,22.7785],[69.5857,22.7612],[69.6538,22.7605],[69.7158,22.7469],[69.7801,22.8275],[69.8332,22.8585],[70.1354,22.93],[70.1095,22.9592],[70.1306,22.994],[70.1291,22.9693],[70.1475,22.9661],[70.1631,22.949],[70.222,22.9592],[70.2331,23.0001],[70.2693,22.9586],[70.2918,22.953],[70.3035,22.9381],[70.3257,22.945],[70.3467,22.9313],[70.3924,22.9409],[70.4016,22.9538],[70.411,23.0232],[70.3988,23.069],[70.4107,23.086],[70.4509,23.1057],[70.4671,23.1297],[70.5029,23.1044],[70.5285,23.0471],[70.5272,23.0236],[70.5047,22.9796],[70.4863,22.9637],[70.4534,22.9666],[70.3753,22.9027],[70.3225,22.8227],[70.3191,22.7783],[70.1785,22.562],[70.1447,22.5478],[70.0591,22.5584],[69.973,22.5414],[69.8848,22.4736],[69.8333,22.4638],[69.807,22.421],[69.7949,22.4186],[69.7334,22.48],[69.6994,22.4043],[69.6694,22.4092],[69.6404,22.376],[69.6297,22.3838],[69.6161,22.3559],[69.5547,22.3776],[69.5617,22.3916],[69.5479,22.4521],[69.516,22.4481],[69.5256,22.3921],[69.4797,22.3422],[69.4354,22.3304],[69.3599,22.3292],[69.3464,22.3249],[69.3357,22.3061],[69.2865,22.2846],[69.2121,22.2739],[69.1738,22.3083],[69.1697,22.3279],[69.1853,22.3497],[69.1821,22.3664],[69.2057,22.3987],[69.2022,22.4149],[69.1786,22.4276],[69.147,22.4049],[69.1227,22.4111],[69.0974,22.3989],[69.0718,22.3995],[69.0482,22.4316],[69.0823,22.4595],[69.0852,22.4729],[69.0736,22.4819],[68.9832,22.4194],[68.944,22.3183],[68.9446,22.2951],[68.9942,22.2039],[69.0482,22.1579],[69.103,22.0764],[69.1506,22.0412],[69.1984,21.9797],[69.3362,21.8625],[69.3678,21.8561],[69.3909,21.8767],[69.3977,21.8153],[69.4274,21.7812],[69.4785,21.7526],[69.5682,21.6501],[69.6297,21.616],[69.7564,21.4904],[69.8086,21.4658],[69.8147,21.4337],[69.845,21.3896],[69.9583,21.2733],[70.0544,21.1532],[70.3367,20.9271],[70.3988,20.9035],[70.4514,20.8559],[70.5415,20.8078],[70.6986,20.7464],[70.7402,20.7185],[70.7746,20.7274],[70.8016,20.7091],[70.8402,20.7019],[70.9824,20.7102],[71.0008,20.7222],[71.0077,20.7416],[71.0623,20.739],[71.0955,20.7637],[71.1406,20.7657],[71.3186,20.8493],[71.4623,20.8853],[71.4807,20.9004],[71.4934,20.9291],[71.5511,20.9736],[71.5693,20.9792],[71.5496,20.9512],[71.5835,20.9582],[71.64,20.9968],[71.7176,21.032],[71.763,21.0323],[71.9263,21.13],[71.9907,21.1364],[72.1047,21.2051],[72.0908,21.2529],[72.1025,21.2744],[72.097,21.2877],[72.1115,21.2961],[72.1045,21.315],[72.2199,21.4447],[72.2422,21.4808],[72.2752,21.5955],[72.2988,21.6263],[72.2957,21.6539],[72.2717,21.6909],[72.2238,21.7006],[72.1958,21.7578],[72.177,21.7667],[72.1711,21.791],[72.1032,21.7752],[72.0739,21.7887],[72.0218,21.7743],[72.0218,21.801],[72.0015,21.7879],[71.9961,21.7995],[71.9946,21.8395],[72.0042,21.8577],[72.0628,21.8344],[72.1045,21.8358],[72.0864,21.8656],[72.0493,21.8804],[72.058,21.8987],[72.0985,21.8805],[72.1309,21.8463],[72.1694,21.8414],[72.16,21.8659],[72.1698,21.8904],[72.1454,21.9108],[72.1565,21.9258],[72.1045,21.9177],[72.0287,21.9388],[72.0552,21.9535],[72.1021,21.9451],[72.1045,21.9592],[72.0765,21.9797],[72.1149,21.9694],[72.1281,21.9835],[72.097,22.007],[72.1343,22.0046],[72.1634,21.9732],[72.1731,21.9757],[72.1999,22.007],[72.2144,21.994],[72.221,22.011],[72.2577,22.0122],[72.2957,22.0512],[72.3076,22.079],[72.3172,22.1849],[72.3065,22.2296],[72.2683,22.2268],[72.2391,22.2389],[72.2461,22.2756],[72.2404,22.2882],[72.1907,22.2513],[72.1488,22.2779],[72.2063,22.2739],[72.2009,22.2914],[72.2085,22.3004],[72.2404,22.3019],[72.2647,22.2952],[72.2632,22.2764],[72.2752,22.2603],[72.3283,22.2607],[72.361,22.3435],[72.3972,22.3668],[72.4081,22.3535],[72.405,22.333],[72.3804,22.3124],[72.3919,22.2535],[72.4137,22.2463],[72.4487,22.2668],[72.4639,22.264],[72.467,22.2558],[72.4548,22.2453],[72.4662,22.2326],[72.5017,22.2404],[72.5531,22.2825],[72.5737,22.2882],[72.6066,22.2838],[72.625,22.2714],[72.6594,22.2739],[72.7566,22.2437],[72.8182,22.2734],[72.8386,22.2766],[72.8695,22.2624],[72.8997,22.2692],[72.9058,22.2814],[72.9175,22.2714],[72.916,22.2231],[72.8972,22.213],[72.8474,22.2404],[72.8123,22.2341],[72.7482,22.164],[72.7078,22.1858],[72.6819,22.1816],[72.6345,22.2104],[72.6141,22.2117],[72.5755,22.1945],[72.5359,22.1405],[72.5017,21.976],[72.5427,21.9108],[72.5818,21.9282],[72.6231,21.9666],[72.6935,21.9723],[72.7078,21.994],[72.7345,21.994],[72.7345,21.9866],[72.714,21.983],[72.7023,21.9476],[72.6901,21.9388],[72.6521,21.9411],[72.6184,21.9251],[72.5855,21.8589],[72.5669,21.8494],[72.5563,21.7743],[72.5285,21.6951],[72.5347,21.6729],[72.5503,21.6667],[72.6161,21.6855],[72.6764,21.6781],[72.7332,21.6875],[72.7981,21.6735],[72.8582,21.695],[72.9269,21.685],[73.0225,21.716],[73.1188,21.7647],[73.132,21.7578],[73.117,21.7373],[72.8897,21.6405],[72.8231,21.6439],[72.7732,21.5805],[72.6901,21.5407],[72.6196,21.4874],[72.5837,21.4174],[72.6125,21.4219],[72.665,21.4572],[72.7383,21.4829],[72.7485,21.4796],[72.7471,21.4529],[72.7283,21.4658],[72.6351,21.4075],[72.5646,21.3858],[72.5789,21.367],[72.6387,21.3712],[72.6458,21.3628],[72.5868,21.3412],[72.6021,21.2777],[72.6184,21.2529],[72.6458,21.2734],[72.647,21.2536],[72.6877,21.2204],[72.7345,21.1989],[72.7118,21.194],[72.6304,21.136],[72.615,21.1059],[72.6379,21.0854],[72.6712,21.0998],[72.6764,21.1536],[72.714,21.1641],[72.7287,21.1481],[72.7058,21.1064],[72.7004,21.0748],[72.7345,21.0925],[72.742,21.1232],[72.7556,21.1096],[72.8096,21.13],[72.8499,21.048],[72.845,21.0383],[72.8231,21.0338],[72.7669,21.0386],[72.772,21.0239],[72.7876,21.0069],[72.8161,20.999],[72.8327,20.9724],[72.8884,20.9826],[72.8865,20.9621],[72.8367,20.9299],[72.8649,20.8973],[72.8369,20.8358],[72.8812,20.8657],[72.9004,20.8681],[72.8801,20.8299],[72.8858,20.8071],[72.9002,20.7991],[72.9194,20.8215],[72.9194,20.7874],[72.945,20.77],[72.9468,20.7595],[72.8989,20.7322],[72.9094,20.6987],[72.9026,20.6419],[72.8853,20.6192],[72.8865,20.5316],[72.8294,20.4379],[72.8171,20.3759],[72.7816,20.3523],[72.7482,20.2803],[72.742,20.225],[72.7556,20.2152],[72.7376,20.1843],[72.7103,20.0829],[72.7034,19.9976],[72.6843,19.964],[72.6652,19.9529],[72.6642,19.8816],[72.6492,19.852],[72.6799,19.8005],[72.6779,19.7466],[72.6901,19.749],[72.7283,19.7936],[72.7328,19.7797],[72.7313,19.7546],[72.714,19.7458],[72.7264,19.7058],[72.7078,19.6975],[72.6867,19.7248],[72.718,19.6067],[72.7108,19.5876],[72.7225,19.5363],[72.7415,19.516],[72.7556,19.5194],[72.7345,19.5466],[72.7407,19.5607],[72.7345,19.5808],[72.742,19.5808],[72.7707,19.5661],[72.7813,19.5366],[72.7959,19.5268],[72.8567,19.5413],[72.8792,19.5324],[72.7544,19.4818],[72.7482,19.4442],[72.7634,19.3802],[72.8021,19.3319],[72.8185,19.3303],[72.8369,19.348],[72.8989,19.307],[72.9878,19.3007],[73.0291,19.2593],[73.03,19.2277],[73.0497,19.2177],[73.0266,19.2055],[72.9727,19.2937],[72.9006,19.2908],[72.867,19.3168],[72.7854,19.3139],[72.7722,19.2651],[72.7754,19.2047],[72.8151,19.2536],[72.8301,19.2524],[72.7816,19.1597],[72.7922,19.1505],[72.8112,19.1755],[72.8231,19.1693],[72.8096,19.1463],[72.8231,19.1085],[72.8096,19.0668],[72.8242,19.0535],[72.8171,19.0327],[72.8027,19.0402],[72.8024,18.9997],[72.7704,18.9482],[72.7754,18.9365],[72.8027,18.9576],[72.8027,18.9098],[72.8125,18.8974],[72.8213,18.9033],[72.8363,18.9591],[72.8693,19.0114],[72.8853,19.0259],[72.8914,18.9918],[72.9343,19.0341],[72.9434,19.0551],[72.9269,19.0668],[72.9356,19.1151],[72.9673,19.1631],[72.9748,19.1631],[72.9673,19.091],[72.9919,19.0672],[72.981,19.0464],[72.9883,18.9986],[73.0398,19.0175],[73.0568,19.0153],[73.0466,18.9952],[72.9536,18.9713],[72.9536,18.9644],[72.9883,18.9644],[72.9772,18.9484],[72.9368,18.9474],[72.9281,18.9114],[72.9126,18.9235],[72.8968,18.8945],[72.9163,18.8705],[72.9461,18.8583],[72.9817,18.8715],[72.9748,18.8483],[72.9813,18.8327],[73.0163,18.8136],[72.9917,18.7794],[72.9951,18.731],[72.9696,18.747],[72.9748,18.7795],[72.9269,18.8266],[72.9126,18.8],[72.8792,18.8074],[72.8569,18.7862],[72.8553,18.6811],[72.9102,18.559],[72.9603,18.5547],[72.9888,18.4899],[73.015,18.47],[73.0088,18.4505],[72.9468,18.5324],[72.9247,18.5356],[72.9072,18.5236],[72.8958,18.503],[72.8897,18.4413],[72.9102,18.3992],[72.9126,18.3612],[72.9336,18.3549],[72.9588,18.3281],[72.9748,18.3276],[72.968,18.3106],[72.9949,18.2836],[73.0715,18.273],[73.0653,18.2576],[73.0715,18.2041],[73.0575,18.1856],[73.0476,18.1888],[73.0476,18.2012],[73.0635,18.2104],[73.051,18.2275],[73.0125,18.2432],[72.9727,18.2447],[72.9531,18.2813],[72.94,18.286],[72.9333,18.2666],[72.94,18.2513],[72.9269,18.2239],[72.9548,18.2175],[72.9673,18.196],[72.9873,18.0666],[73.0088,18.039],[73.0435,18.067],[73.0422,18.049],[73.0088,18.0259],[73.0052,18.0124],[73.0189,17.9925],[73.0354,17.9918],[73.0171,17.9721],[73.0186,17.9517],[73.0652,17.8784],[73.0794,17.8246],[73.1013,17.7963],[73.1233,17.7358],[73.1055,17.6889],[73.1261,17.6554],[73.1213,17.6264],[73.1392,17.6008],[73.2007,17.5865],[73.1279,17.5647],[73.126,17.5565],[73.1807,17.4777],[73.1734,17.4574],[73.1854,17.4419],[73.1653,17.413],[73.1706,17.3897],[73.196,17.3694],[73.249,17.2849],[73.2312,17.2793],[73.187,17.306],[73.236,17.2206],[73.2362,17.1992],[73.2606,17.1505],[73.2551,17.121],[73.2757,17.0786],[73.2694,17.0316],[73.259,17.0441],[73.2512,17.0322],[73.2627,17.0185],[73.2546,17.0067],[73.2894,16.9838],[73.2705,16.945],[73.2796,16.8876],[73.2694,16.8756],[73.2866,16.8209],[73.2969,16.8057],[73.3037,16.8131],[73.2896,16.7402],[73.3003,16.7132],[73.3216,16.6925],[73.3122,16.6447],[73.3235,16.6207],[73.3543,16.6347],[73.3665,16.6281],[73.3713,16.6102],[73.363,16.5968],[73.3582,16.6207],[73.3146,16.5994],[73.3364,16.5656],[73.3713,16.5593],[73.3508,16.5382],[73.3787,16.5183],[73.344,16.5236],[73.3073,16.5632],[73.303,16.533],[73.3192,16.5098],[73.3413,16.4321],[73.3849,16.4016],[73.3644,16.3893],[73.3582,16.3675],[73.3787,16.3569],[73.3787,16.3327],[73.4136,16.2239],[73.4352,16.2178],[73.447,16.1136],[73.4528,16.1666],[73.465,16.1823],[73.488,16.1894],[73.4634,16.1596],[73.4607,16.0863],[73.447,16.0689],[73.4839,16.0282],[73.516,16.0248],[73.516,16.0174],[73.4873,16.0142],[73.491,15.9935],[73.6047,15.8808],[73.6463,15.7921],[73.6463,15.7369],[73.7009,15.7232],[73.6859,15.7043],[73.7183,15.6271],[73.7283,15.6196],[73.7839,15.6591],[73.8381,15.6611],[73.8381,15.6543],[73.7604,15.632],[73.7371,15.5985],[73.7368,15.5717],[73.7561,15.5376],[73.7512,15.5131],[73.7663,15.4973],[73.7864,15.4922],[73.866,15.5376],[73.8595,15.5211],[73.8722,15.5109],[73.8176,15.4966],[73.8005,15.475],[73.7964,15.4489],[73.8416,15.4489],[73.8586,15.4352],[73.8859,15.4352],[73.9276,15.4174],[73.9678,15.3738],[73.9541,15.3663],[73.9334,15.3954],[73.8996,15.4079],[73.8849,15.398],[73.8601,15.4079],[73.7829,15.4079],[73.8274,15.3652],[73.8826,15.3553],[73.8913,15.3432],[73.9473,15.1608],[73.9541,15.1683],[73.9622,15.152],[73.929,15.1206],[73.9131,15.0789],[73.9644,15.0646],[73.9958,15.0107],[74.0313,14.9953],[74.036,14.9213],[74.0912,14.8876],[74.1118,14.8462],[74.1409,14.8527],[74.208,14.9008],[74.2112,14.8874],[74.2352,14.8765],[74.2331,14.8646],[74.179,14.8563],[74.1595,14.8257],[74.1405,14.8388],[74.1187,14.8319],[74.1091,14.8026],[74.0913,14.8114],[74.0964,14.7934],[74.1458,14.7636],[74.1533,14.7499],[74.1738,14.7499],[74.1943,14.7158],[74.2205,14.7381],[74.2529,14.7189],[74.2632,14.7016],[74.2762,14.6401],[74.2681,14.6199],[74.2759,14.6102],[74.2871,14.6059],[74.3239,14.6186],[74.339,14.6128],[74.339,14.6059],[74.3074,14.6019],[74.2952,14.5873],[74.3005,14.5274],[74.3249,14.5172],[74.339,14.524],[74.3429,14.5637],[74.3587,14.5712],[74.3587,14.5446],[74.3792,14.5446],[74.3724,14.5302],[74.4277,14.4763],[74.4011,14.4797],[74.4072,14.462],[74.3888,14.4627],[74.367,14.5124],[74.3519,14.5302],[74.3539,14.5051],[74.3919,14.419],[74.4154,14.3011],[74.4277,14.2838],[74.509,14.2503],[74.471,14.2487],[74.4334,14.2634],[74.429,14.2404],[74.4675,14.1814],[74.4749,14.1057],[74.4954,14.0715],[74.4954,14.0306],[74.584,13.9039],[74.6146,13.8355],[74.6231,13.7742],[74.6605,13.6601],[74.6878,13.7118],[74.7014,13.6948],[74.6883,13.6859],[74.7129,13.6562],[74.7356,13.6538],[74.71,13.6406],[74.6809,13.647],[74.6771,13.6303],[74.6667,13.6328],[74.6771,13.5268],[74.7014,13.4614],[74.7083,13.413],[74.6937,13.4153],[74.6809,13.4682],[74.6946,13.3931],[74.6895,13.3816],[74.7151,13.331],[74.763,13.1188],[74.7834,13.0847],[74.7703,13.0524],[74.8176,12.8618],[74.8506,12.8572],[74.9409,12.8786],[74.9175,12.8581],[74.8811,12.848],[74.8591,12.8246],[74.825,12.8382],[74.8276,12.8247],[74.8523,12.7973],[74.8557,12.7594],[74.8796,12.7255],[74.992,12.4617],[75.0099,12.4438],[75.0184,12.4147],[75.0829,12.3059],[75.1055,12.2213],[75.1397,12.2486],[75.1309,12.2078],[75.1937,12.0223],[75.2085,12.0084],[75.2222,12.022],[75.2767,11.9674],[75.2605,11.9978],[75.2643,12.0133],[75.3042,12.0432],[75.3298,12.0126],[75.2811,12.0106],[75.3023,11.9661],[75.3491,11.9476],[75.3934,11.9748],[75.3828,11.9455],[75.4002,11.9202],[75.3265,11.9359],[75.3076,11.9322],[75.3246,11.8991],[75.3558,11.8577],[75.3797,11.865],[75.5061,11.7272],[75.5308,11.6937],[75.6089,11.4849],[75.6165,11.4736],[75.6648,11.4626],[75.7222,11.3675],[75.7355,11.3715],[75.7424,11.3587],[75.7293,11.3437],[75.7308,11.3317],[75.8328,11.0978],[75.8801,10.9327],[75.8945,10.8498],[75.9111,10.8092],[75.9416,10.7962],[75.9241,10.7807],[75.922,10.7656],[75.9997,10.6055],[76.0081,10.5671],[76.0524,10.514],[76.0701,10.4328],[76.1061,10.3847],[76.1532,10.2202],[76.1706,10.1938],[76.1841,10.1894],[76.2017,10.1997],[76.2079,10.2346],[76.1948,10.2686],[76.2228,10.2344],[76.2402,10.239],[76.2417,10.2239],[76.2241,10.1969],[76.1775,10.1706],[76.1824,10.1057],[76.2146,10.0245],[76.2427,9.9875],[76.229,10.0659],[76.2075,10.1171],[76.2153,10.1383],[76.2277,10.1096],[76.2451,10.1022],[76.2551,10.0477],[76.2739,10.0358],[76.2693,10.0163],[76.2782,9.9779],[76.2943,9.9513],[76.3115,9.9669],[76.3592,9.9154],[76.3941,9.8428],[76.3965,9.8227],[76.3804,9.7851],[76.3941,9.7472],[76.3941,9.7062],[76.4026,9.7106],[76.4146,9.6827],[76.4197,9.5942],[76.407,9.5691],[76.4282,9.5554],[76.4485,9.5634],[76.5033,9.535],[76.4771,9.5037],[76.459,9.4973],[76.3574,9.5207],[76.3533,9.5353],[76.3729,9.6243],[76.3941,9.6789],[76.368,9.7156],[76.3592,9.8161],[76.3327,9.8708],[76.3201,9.8616],[76.3462,9.8161],[76.3376,9.7893],[76.3462,9.6994],[76.3389,9.6994],[76.3086,9.8796],[76.2971,9.8708],[76.3,9.8478],[76.2808,9.8428],[76.2883,9.8612],[76.2842,9.8912],[76.2774,9.8708],[76.2669,9.876],[76.2568,9.9086],[76.2857,9.9044],[76.2847,9.9285],[76.2515,9.9631],[76.2363,9.9527],[76.2468,9.8937],[76.2774,9.8093],[76.3118,9.493],[76.363,9.3252],[76.4426,9.1452],[76.4468,9.1596],[76.4146,9.247],[76.4282,9.2453],[76.4624,9.1514],[76.4828,9.1718],[76.4766,9.1166],[76.4691,9.1166],[76.4624,9.1383],[76.4605,9.1149],[76.5138,9.0021],[76.5281,8.947],[76.5381,8.9391],[76.5388,8.9726],[76.5654,8.9943],[76.5511,8.9664],[76.5586,8.9521],[76.5828,9.0006],[76.6206,8.9871],[76.6441,9.0079],[76.6685,9.0074],[76.6685,8.9998],[76.6343,8.9869],[76.6576,8.9664],[76.6033,8.9732],[76.574,8.9426],[76.5816,8.9199],[76.6206,8.9254],[76.5733,8.9044],[76.5591,8.9252],[76.5481,8.9242],[76.544,8.9125],[76.5586,8.8907],[76.6445,8.819],[76.6956,8.7398],[76.7313,8.708],[76.7417,8.6845],[76.8137,8.6013],[76.8265,8.5698],[76.8801,8.5207],[76.9959,8.3681],[77.1288,8.2718],[77.2253,8.1844],[77.2868,8.1535],[77.3086,8.1309],[77.5109,8.076],[77.5653,8.0825],[77.561,8.1146],[77.5952,8.139],[77.7683,8.1815],[77.8062,8.2287],[77.9998,8.3449],[78.0559,8.3637],[78.0798,8.432],[78.1283,8.488],[78.1423,8.5931],[78.1355,8.6258],[78.1146,8.6579],[78.1426,8.6579],[78.1367,8.6699],[78.1692,8.7336],[78.2152,8.7654],[78.2102,8.7883],[78.2005,8.7697],[78.1624,8.7535],[78.1828,8.8771],[78.2398,8.9656],[78.4121,9.0998],[78.4859,9.1248],[78.6348,9.1446],[78.6763,9.1841],[78.7278,9.1874],[78.7771,9.2194],[78.8438,9.244],[78.929,9.2538],[78.9568,9.2748],[78.9889,9.2783],[79.0872,9.2538],[79.1294,9.2563],[79.1654,9.2742],[79.2927,9.2503],[79.361,9.2134],[79.424,9.1591],[79.4403,9.1514],[79.4536,9.159],[79.3535,9.2409],[79.3337,9.2783],[79.3457,9.3065],[79.3411,9.3159],[79.3201,9.3233],[79.2517,9.2885],[79.1156,9.2912],[79.0747,9.2999],[79.0399,9.3147],[78.9597,9.385],[78.9334,9.4164],[78.9133,9.4743],[78.9383,9.5837],[78.9773,9.6379],[78.9808,9.6672],[79.0388,9.7472],[79.0941,9.8023],[79.1419,9.8912],[79.2004,9.9703],[79.2791,10.0358],[79.2542,10.0543],[79.2363,10.1666],[79.2483,10.1892],[79.2692,10.1978],[79.2722,10.2344],[79.2861,10.2528],[79.3981,10.3247],[79.4597,10.3083],[79.5322,10.3232],[79.5286,10.3383],[79.5869,10.3437],[79.6071,10.336],[79.604,10.3291],[79.5518,10.3133],[79.5567,10.2987],[79.7598,10.2582],[79.7725,10.2617],[79.7737,10.2737],[79.759,10.2822],[79.7036,10.289],[79.6618,10.3071],[79.6141,10.3096],[79.6331,10.3286],[79.7571,10.3091],[79.78,10.2966],[79.7786,10.2754],[79.7951,10.2692],[79.8513,10.2822],[79.8567,10.2933],[79.8638,10.3787],[79.8596,10.5515],[79.8503,10.5921],[79.8407,10.9501],[79.8522,11.007],[79.8553,11.1599],[79.835,11.2639],[79.833,11.342],[79.7969,11.359],[79.7593,11.3583],[79.752,11.3405],[79.6763,11.2965],[79.7498,11.3737],[79.8193,11.3815],[79.8167,11.4431],[79.793,11.4535],[79.7974,11.4349],[79.786,11.4262],[79.752,11.577],[79.7859,11.7692],[79.8032,11.7961],[79.8203,11.8786],[79.8618,11.978],[79.8618,12.022],[80.0051,12.2418],[79.9531,12.2136],[79.9439,12.2178],[80.0051,12.256],[80.0598,12.3342],[80.096,12.3623],[80.1797,12.5326],[80.1965,12.6137],[80.2287,12.675],[80.2517,12.7625],[80.2858,13.0676],[80.3137,13.1058],[80.3069,13.1461],[80.3328,13.1981],[80.3342,13.2212],[80.3137,13.215],[80.3198,13.2492],[80.3342,13.2429],[80.3478,13.3491],[80.327,13.4304],[80.3137,13.4272],[80.3069,13.413],[80.2624,13.4512],[80.2659,13.4682],[80.2197,13.4878],[80.1194,13.5007],[80.0565,13.5952],[80.053,13.6191],[80.0913,13.6591],[80.094,13.6948],[80.1178,13.6745],[80.1213,13.6273],[80.1356,13.6191],[80.1419,13.7289],[80.1836,13.6792],[80.1973,13.6436],[80.2455,13.5917],[80.3069,13.4409],[80.3137,13.4409],[80.3096,13.4793],[80.221,13.697],[80.2455,13.7556],[80.2493,13.8003],[80.1497,14.0277],[80.1258,14.1485],[80.1234,14.1935],[80.1356,14.2292],[80.1211,14.242],[80.0735,14.2018],[80.0506,14.1961],[80.0466,14.2066],[80.0872,14.2503],[80.1282,14.2565],[80.175,14.3445],[80.176,14.4687],[80.197,14.565],[80.1419,14.5712],[80.1697,14.5858],[80.1785,14.6058],[80.1598,14.6627],[80.1082,14.7143],[80.0545,15.0141],[80.053,15.0926],[80.0824,15.2041],[80.0906,15.3049],[80.1268,15.3881],[80.2112,15.4966],[80.1976,15.5031],[80.2013,15.5183],[80.2796,15.7007],[80.3933,15.797],[80.4363,15.8083],[80.5539,15.8808],[80.5711,15.8687],[80.6184,15.8877],[80.6629,15.8893],[80.6702,15.9077],[80.7761,15.8843],[80.8027,15.8424],[80.8071,15.7164],[80.8303,15.7476],[80.8901,15.8952],[80.8913,15.9783],[80.8753,16.0174],[80.889,16.0037],[80.8965,16.0311],[80.9089,15.9835],[80.9027,15.8908],[80.91,15.8527],[81.0125,15.7778],[81.0192,15.7924],[80.9989,15.8467],[81.0269,15.8808],[81.0882,15.9212],[81.1351,15.9665],[81.1498,15.9696],[81.156,16.0385],[81.18,16.0867],[81.1903,16.1389],[81.2303,16.2436],[81.2542,16.2713],[81.2596,16.2886],[81.2485,16.3201],[81.2596,16.3327],[81.3174,16.3675],[81.3596,16.3743],[81.3757,16.3675],[81.4114,16.3825],[81.4282,16.3657],[81.4167,16.3402],[81.4959,16.3607],[81.5491,16.3524],[81.5402,16.3737],[81.557,16.373],[81.5739,16.3583],[81.5681,16.3464],[81.6364,16.3327],[81.6563,16.3373],[81.6961,16.3149],[81.763,16.3226],[81.8617,16.3754],[81.9408,16.3884],[81.9562,16.4072],[81.9927,16.4084],[82.0374,16.4477],[82.0686,16.4443],[82.0907,16.4548],[82.2035,16.5127],[82.259,16.5655],[82.3074,16.5798],[82.2809,16.6208],[82.2938,16.6256],[82.2993,16.6101],[82.3128,16.6081],[82.3381,16.6784],[82.3656,16.8116],[82.3665,16.9086],[82.3489,16.9565],[82.3625,16.8591],[82.3521,16.8454],[82.3346,16.8541],[82.3142,16.8466],[82.2679,16.8675],[82.2551,16.8853],[82.2527,16.9292],[82.2917,16.9984],[82.2993,17.0303],[82.3704,17.1101],[82.3877,17.1269],[82.4229,17.14],[82.4749,17.206],[82.7185,17.3486],[82.8377,17.3928],[82.8833,17.4221],[82.8968,17.4093],[83.0882,17.5307],[83.2389,17.593],[83.2129,17.6349],[83.2469,17.6342],[83.2991,17.6643],[83.2925,17.6775],[83.2493,17.6954],[83.2469,17.7163],[83.2682,17.7175],[83.2986,17.6901],[83.3413,17.7174],[83.4024,17.7845],[83.4312,17.8542],[83.453,17.8685],[83.4519,17.9229],[83.4729,17.9025],[83.5261,17.9425],[83.5567,17.9735],[83.5823,18.0191],[83.6139,18.0452],[83.7752,18.1396],[84.0774,18.2716],[84.1131,18.2983],[84.1439,18.3748],[84.3499,18.5529],[84.271,18.5002],[84.2376,18.5109],[84.2469,18.5256],[84.2817,18.5256],[84.3329,18.5537],[84.3705,18.6013],[84.4237,18.6365],[84.4483,18.6807],[84.5418,18.7758],[84.6309,18.9157],[84.665,18.9301],[84.7411,19.0281],[84.78,19.0971],[84.761,19.1016],[84.7405,19.0737],[84.72,19.1016],[84.7388,19.1477],[84.7752,19.1153],[84.791,19.1206],[84.8721,19.2199],[84.9959,19.3233],[85.0695,19.3721],[85.1804,19.475],[85.3367,19.5752],[85.5765,19.6906],[85.3306,19.5764],[85.3029,19.5739],[85.2884,19.6013],[85.3091,19.595],[85.3184,19.6195],[85.3368,19.5961],[85.3779,19.6149],[85.3846,19.636],[85.4053,19.6459],[85.3914,19.6906],[85.3831,19.6761],[85.3506,19.6776],[85.3091,19.6422],[85.2476,19.6565],[85.2332,19.6326],[85.2476,19.6087],[85.2129,19.5811],[85.193,19.5808],[85.2332,19.5541],[85.2145,19.5473],[85.1992,19.5541],[85.2029,19.5172],[85.1514,19.4988],[85.124,19.4783],[85.1288,19.5095],[85.124,19.5194],[85.1087,19.5068],[85.1029,19.5296],[85.1514,19.5603],[85.1401,19.5966],[85.2066,19.6838],[85.2034,19.7073],[85.221,19.736],[85.2681,19.78],[85.3196,19.7936],[85.4401,19.8962],[85.4768,19.901],[85.5703,19.8756],[85.5703,19.7732],[85.5632,19.7569],[85.5765,19.7458],[85.515,19.7111],[85.522,19.7391],[85.427,19.7041],[85.4304,19.6917],[85.4468,19.6906],[85.4499,19.6667],[85.4805,19.6663],[85.5492,19.6906],[85.6143,19.7279],[85.638,19.7316],[85.6243,19.7186],[85.7344,19.7636],[85.7888,19.7657],[85.8464,19.7958],[86.0321,19.8415],[86.0567,19.8569],[86.089,19.8442],[86.2686,19.9103],[86.3724,19.965],[86.315,19.9869],[86.2891,20.0264],[86.2302,20.0353],[86.1677,20.0729],[86.145,20.122],[86.1525,20.1431],[86.173,20.1022],[86.2092,20.0666],[86.2754,20.0674],[86.3484,20.0089],[86.3972,19.9829],[86.4263,19.9992],[86.4041,20.0026],[86.3914,20.0202],[86.4671,20.0947],[86.4951,20.1841],[86.5115,20.1975],[86.6282,20.2353],[86.7546,20.3144],[86.7017,20.2847],[86.6937,20.2939],[86.7683,20.3435],[86.8098,20.4151],[86.7962,20.4373],[86.7887,20.3901],[86.7698,20.4007],[86.7205,20.3685],[86.7246,20.432],[86.7515,20.4892],[86.9232,20.6217],[86.9762,20.6379],[87.0036,20.657],[87.0432,20.698],[86.9949,20.6707],[86.9865,20.6844],[86.9402,20.698],[86.9612,20.7128],[86.9886,20.7043],[86.9987,20.7111],[87.0,20.7282],[86.9866,20.7519],[86.9107,20.7564],[86.8893,20.7645],[86.8788,20.7806],[86.9165,20.7881],[86.9539,20.7806],[86.9657,20.806],[86.844,21.0822],[86.8373,21.1747],[86.867,21.256],[86.9177,21.3274],[87.0637,21.475],[87.2009,21.552],[87.3418,21.5624],[87.4688,21.6114],[87.6213,21.6506],[87.7038,21.6555],[87.834,21.7293],[87.8929,21.7743],[87.8992,21.7948],[87.9705,21.8365],[87.9837,21.8542],[88.0508,21.985],[88.0431,22.0173],[88.0847,22.0207],[88.1112,22.0349],[88.1643,22.0898],[88.1735,22.1169],[88.161,22.1566],[88.1326,22.1791],[88.0085,22.2049],[87.9653,22.2448],[87.9475,22.2777],[87.9229,22.3978],[87.9066,22.4248],[87.928,22.4242],[87.9404,22.413],[87.9727,22.2832],[88.009,22.2404],[88.0435,22.2248],[88.0773,22.2404],[88.0813,22.2174],[88.198,22.1678],[88.2224,22.0779],[88.1563,21.9909],[88.1467,21.9592],[88.1594,21.9062],[88.1541,21.8881],[88.2097,21.7886],[88.2014,21.7743],[88.2105,21.7473],[88.1809,21.685],[88.1819,21.6652],[88.2083,21.603],[88.2244,21.613],[88.2375,21.6017],[88.2544,21.5547],[88.279,21.5552],[88.3058,21.5717],[88.2834,21.6092],[88.2954,21.6766],[88.2616,21.7987],[88.2731,21.7979],[88.2982,21.7641],[88.3097,21.6102],[88.3218,21.6057],[88.3355,21.6158],[88.3488,21.6503],[88.3247,21.7014],[88.3312,21.7191],[88.3557,21.685],[88.3926,21.6986],[88.3828,21.6713],[88.3931,21.6002],[88.4097,21.5993],[88.4563,21.624],[88.4722,21.6633],[88.4548,21.7054],[88.4534,21.7418],[88.4745,21.801],[88.4935,21.8052],[88.4745,21.8903],[88.4998,21.9337],[88.4956,21.9518],[88.515,21.9372],[88.5147,21.9162],[88.4956,21.8767],[88.531,21.8241],[88.5329,21.7953],[88.5049,21.7415],[88.5296,21.6576],[88.514,21.6008],[88.4956,21.5819],[88.488,21.5565],[88.4939,21.5348],[88.513,21.5246],[88.544,21.5341],[88.5296,21.5534],[88.5365,21.5751],[88.5448,21.562],[88.5723,21.5579],[88.5781,21.6234],[88.5951,21.6121],[88.5996,21.6373],[88.5918,21.7054],[88.6126,21.6975],[88.6328,21.7501],[88.624,21.778],[88.5646,21.7668],[88.5671,21.8508],[88.5984,21.9293],[88.6025,22.0064],[88.626,22.048],[88.6192,22.1095],[88.6602,22.205],[88.6799,22.2044],[88.6831,22.185],[88.6395,22.1095],[88.6535,22.018],[88.6275,21.9704],[88.6309,21.9455],[88.667,21.945],[88.6787,21.9367],[88.69,21.946],[88.7307,22.0372],[88.6995,22.0532],[88.6948,22.0815],[88.7266,22.1212],[88.763,22.1306],[88.7085,22.0722],[88.7171,22.0581],[88.7546,22.0376],[88.763,22.0173],[88.7583,21.9995],[88.717,21.952],[88.7147,21.8979],[88.6945,21.8398],[88.7036,21.8106],[88.6849,21.6972],[88.7222,21.6092],[88.7075,21.5783],[88.7279,21.5599],[88.7625,21.5559],[88.7905,21.5683],[88.7966,21.5844],[88.7771,21.6435],[88.8005,21.6619],[88.8109,21.6917],[88.8184,21.6576],[88.7979,21.6402],[88.8058,21.6229],[88.8442,21.6222],[88.8587,21.6365],[88.8382,21.702],[88.8587,21.7668],[88.8721,21.749],[88.8816,21.672],[88.8916,21.6535],[88.9338,21.6439],[89.0003,21.6034],[89.0198,21.6061],[89.0339,21.6332],[89.0532,21.6098],[89.0827,21.6173],[89.0852,21.6747],[89.0437,21.7333],[89.0159,21.8533],[88.9959,21.8842],[88.9241,21.9263],[88.905,21.9694],[88.9139,21.9866],[88.9287,21.9866],[88.9447,21.9388],[89.0095,21.9046],[89.013,21.9294],[89.0369,21.9251],[89.0609,21.9385],[89.0574,22.0312],[89.0369,22.0856],[89.0486,22.123],[89.0437,22.1374],[89.0603,22.1306],[89.0574,22.0651],[89.0915,22.0002],[89.0778,21.9143],[89.1047,21.8159],[89.1546,21.7869],[89.1741,21.81],[89.1877,21.8115],[89.2207,21.7094],[89.2044,21.6727],[89.2105,21.6541],[89.2293,21.6439],[89.2487,21.6459],[89.2975,21.6781],[89.2766,21.6876],[89.2737,21.6988],[89.2947,21.7578],[89.2839,21.8221],[89.3013,21.8094],[89.3289,21.8647],[89.356,21.8925],[89.3596,21.9177],[89.346,21.957],[89.3522,21.9723],[89.3596,21.9723],[89.387,21.9012],[89.3659,21.8289],[89.3643,21.7582],[89.3952,21.7164],[89.4064,21.7174],[89.4427,21.7466],[89.4658,21.7813],[89.4646,21.8592],[89.5125,21.9091],[89.5218,21.9623],[89.4894,22.0312],[89.5091,22.0412],[89.5183,22.081],[89.4942,22.1369],[89.4832,22.1026],[89.4758,22.1026],[89.4675,22.229],[89.4758,22.2951],[89.493,22.2735],[89.492,22.1884],[89.5371,22.089],[89.5234,22.0446],[89.5329,21.9847],[89.5514,21.994],[89.5794,22.1132],[89.5763,22.1455],[89.5492,22.2053],[89.5862,22.2454],[89.5808,22.2772],[89.6265,22.336],[89.6106,22.2989],[89.606,22.2569],[89.5672,22.2028],[89.606,22.1132],[89.5713,22.0312],[89.5645,21.8842],[89.5303,21.8358],[89.5274,21.8128],[89.5371,21.7538],[89.5657,21.7134],[89.5869,21.7008],[89.606,21.7191],[89.5955,21.76],[89.6315,21.7641],[89.6682,21.7509],[89.7007,21.7849],[89.6498,21.8264],[89.619,21.8699],[89.647,21.9251],[89.6633,21.8963],[89.6526,21.8789],[89.6613,21.8494],[89.7092,21.8301],[89.7659,21.8467],[89.7757,21.8276],[89.7864,21.8289],[89.8142,21.8408],[89.8509,21.8775],[89.8804,21.8842],[89.8872,21.9001],[89.8462,21.9723],[89.8479,22.0339],[89.7972,22.076],[89.8462,22.0706],[89.8713,22.0919],[89.8613,22.211],[89.8387,22.2678],[89.8804,22.3422],[89.8729,22.4186],[89.9204,22.3918],[89.9474,22.4397],[90.0101,22.4902],[89.9002,22.3339],[89.8768,22.2747],[89.8804,22.2404],[89.9009,22.202],[89.9175,22.0499],[89.9344,21.9977],[89.9678,21.9746],[89.9828,21.9866],[89.9828,22.0446],[90.0244,22.089],[90.0526,22.1555],[90.0784,22.164],[90.0427,22.1313],[90.0354,22.0598],[90.0108,22.0412],[89.9963,22.0002],[90.0524,21.989],[90.0889,22.0512],[90.1483,22.1108],[90.2058,22.133],[90.2361,22.1989],[90.2391,22.1723],[90.2162,22.1232],[90.1951,22.1095],[90.1641,22.1132],[90.1056,22.0543],[90.0772,21.988],[90.0449,21.9661],[90.0339,21.9435],[90.0244,21.8625],[90.0493,21.851],[90.0669,21.8534],[90.0985,21.8786],[90.1262,21.932],[90.1262,21.9012],[90.105,21.8703],[90.1125,21.8563],[90.0954,21.8594],[90.0929,21.8303],[90.1848,21.801],[90.2176,21.8135],[90.2829,21.8708],[90.3086,21.984],[90.3322,22.0381],[90.3699,22.0898],[90.3801,22.1436],[90.3926,22.143],[90.4129,22.178],[90.4105,22.1957],[90.3909,22.2088],[90.3943,22.2882],[90.4109,22.2842],[90.408,22.2404],[90.4216,22.1989],[90.3875,22.1026],[90.4386,22.076],[90.4596,22.0919],[90.5011,22.1767],[90.558,22.2034],[90.5816,22.2382],[90.6135,22.3149],[90.6193,22.3559],[90.6135,22.3969],[90.5864,22.4506],[90.5862,22.4732],[90.6066,22.4658],[90.5597,22.5623],[90.5051,22.5862],[90.4725,22.5756],[90.4605,22.5512],[90.4627,22.521],[90.4421,22.4936],[90.4592,22.5793],[90.5002,22.5924],[90.5127,22.6115],[90.4929,22.7099],[90.4617,22.7488],[90.4446,22.7517],[90.4352,22.7333],[90.3726,22.7614],[90.3943,22.7748],[90.4064,22.7631],[90.4199,22.7683],[90.424,22.7817],[90.408,22.7947],[90.436,22.8006],[90.4572,22.8618],[90.4763,22.8841],[90.52,22.8802],[90.54,22.8966],[90.5104,22.9182],[90.5093,22.937],[90.4683,22.9961],[90.4489,23.0557],[90.4536,23.0723],[90.5228,23.0801],[90.5588,23.1107],[90.5656,23.1038],[90.5537,23.0786],[90.572,23.0817],[90.5991,23.1175],[90.5935,23.2199],[90.6145,23.1955],[90.6066,23.2472],[90.5691,23.295],[90.5036,23.3017],[90.4285,23.3261],[90.3885,23.3724],[90.2588,23.4446],[90.2503,23.4669],[90.3224,23.4333],[90.5183,23.3983],[90.5519,23.385],[90.5789,23.4499],[90.5768,23.5395],[90.5687,23.5475],[90.4984,23.5573],[90.4763,23.583],[90.5147,23.5638],[90.5472,23.5638],[90.5645,23.5764],[90.5588,23.5904],[90.612,23.6061],[90.6333,23.5966],[90.6082,23.5858],[90.5921,23.5625],[90.5881,23.5342],[90.6078,23.4911],[90.6668,23.5182],[90.6953,23.5079],[90.7022,23.5284],[90.6782,23.5551],[90.7056,23.5545],[90.7158,23.5351],[90.715,23.4984],[90.6916,23.4865],[90.6333,23.4868],[90.6087,23.4727],[90.6003,23.4499],[90.5991,23.3912],[90.6113,23.3425],[90.6284,23.3215],[90.6537,23.3297],[90.6611,23.3223],[90.6502,23.3135],[90.6509,23.3002],[90.6673,23.2676],[90.6401,23.1889],[90.6294,23.0644],[90.6401,23.038],[90.7175,22.9406],[90.771,22.7848],[90.7949,22.7414],[90.8195,22.7265],[90.8359,22.6849],[90.8765,22.6828],[90.902,22.6271],[90.9417,22.5859],[90.9549,22.5758],[90.9851,22.5744],[91.0379,22.5886],[91.0322,22.6369],[91.0038,22.6787],[91.0183,22.6831],[91.0892,22.5444],[91.1273,22.527],[91.2027,22.5432],[91.2416,22.5754],[91.2645,22.6408],[91.2534,22.6607],[91.169,22.6849],[91.169,22.6923],[91.1992,22.6988],[91.1819,22.7265],[91.2434,22.7202],[91.2448,22.6984],[91.3174,22.6972],[91.3328,22.7202],[91.2908,22.7384],[91.3601,22.7434],[91.3701,22.7522],[91.3674,22.7617],[91.3464,22.7674],[91.3464,22.7748],[91.385,22.7707],[91.4147,22.7537],[91.4168,22.8],[91.4624,22.8334],[91.4831,22.9045],[91.4905,22.9045],[91.49,22.8806],[91.4583,22.7971],[91.4624,22.7619],[91.4768,22.7612],[91.5164,22.7122],[91.5481,22.7003],[91.676,22.5346],[91.7437,22.4111],[91.7717,22.2603],[91.7871,22.2379],[91.8089,22.2363],[91.8259,22.2485],[91.8263,22.2678],[91.794,22.286],[91.7914,22.3019],[91.8775,22.3633],[91.8877,22.4248],[91.9081,22.4248],[91.874,22.336],[91.8088,22.3063],[91.812,22.2814],[91.8384,22.2631],[91.8399,22.2466],[91.8169,22.2203],[91.813,22.1803],[91.8399,22.1169],[91.8533,22.1487],[91.8621,22.1506],[91.8672,22.1374],[91.8535,22.1436],[91.8552,22.1092],[91.8809,22.007],[91.8809,21.9692],[91.8982,21.9449],[91.9157,21.8625],[91.9497,21.8842],[91.9255,21.8629],[91.9294,21.8432],[91.9114,21.8347],[91.8993,21.7895],[91.9087,21.7812],[91.99,21.7948],[91.9603,21.7638],[91.9673,21.7554],[91.9839,21.7668],[91.99,21.76],[91.953,21.7383],[91.9497,21.716],[91.9627,21.6895],[91.9719,21.6882],[91.9839,21.7054],[91.9761,21.6621],[91.9839,21.6501],[92.0007,21.6498],[92.0254,21.6986],[92.0179,21.6986],[92.0254,21.7128],[92.0293,21.7049],[92.0228,21.6768],[92.0359,21.6682],[92.0358,21.6404],[92.0179,21.616],[92.0221,21.5994],[91.99,21.562],[91.9954,21.5226],[92.0179,21.4931],[91.999,21.4995],[91.9829,21.4888],[91.9634,21.4521],[91.9497,21.4584],[91.9597,21.424],[91.9898,21.3942],[92.0453,21.2995],[92.0523,21.2567],[92.0454,21.171],[92.1341,21.0475],[92.1929,20.9957],[92.2097,20.9308],[92.301,20.7623],[92.3255,20.7387],[92.334,20.7464],[92.3333,20.7677],[92.3054,20.852],[92.272,20.9035],[92.2615,20.9403],[92.2651,21.0611],[92.281,20.9594],[92.3054,20.9177],[92.3811,20.7001],[92.4536,20.6685],[92.507,20.6093],[92.5399,20.5275],[92.6326,20.4466],[92.6532,20.4183],[92.6971,20.3083],[92.7312,20.2592],[92.7393,20.2797],[92.7312,20.3827],[92.7375,20.4448],[92.717,20.5],[92.7083,20.5787],[92.635,20.698],[92.6629,20.6792],[92.7207,20.5922],[92.7366,20.5631],[92.751,20.4985],[92.779,20.4783],[92.7586,20.4721],[92.7693,20.4551],[92.7853,20.463],[92.7966,20.4838],[92.7927,20.5063],[92.8269,20.4951],[92.8469,20.3773],[92.8933,20.3295],[92.9429,20.3212],[92.864,20.3008],[92.7995,20.2592],[92.7782,20.2316],[92.7721,20.2015],[92.8604,20.1249],[92.8805,20.1232],[92.8984,20.1357],[92.936,20.212],[93.0163,20.3249],[93.0249,20.3685],[93.0226,20.4525],[93.0603,20.5134],[93.0733,20.5546],[93.0856,20.5329],[93.0322,20.4311],[93.031,20.4097],[93.0432,20.3649],[93.0596,20.3623],[93.0725,20.3766],[93.0819,20.417],[93.1004,20.4311],[93.0913,20.381],[93.0808,20.3585],[93.0413,20.332],[93.0188,20.2565],[93.0012,20.2393],[92.9875,20.1867],[92.9905,20.1549],[93.0186,20.15],[93.0892,20.2104],[93.1209,20.2182],[93.1209,20.212],[93.0942,20.15],[93.0869,20.15],[93.0801,20.1705],[93.0425,20.1295],[92.9702,20.1295],[92.9807,20.0779],[93.0384,20.0129],[93.0594,19.9511],[93.1345,19.8341],[93.169,19.8094],[93.1345,19.8483],[93.1061,19.9307],[93.1091,19.9938],[93.1315,20.0066],[93.1481,19.9943],[93.2014,19.8628],[93.2383,19.821],[93.2359,19.8472],[93.1763,19.9575],[93.1284,20.0947],[93.1475,20.07],[93.1763,20.0537],[93.1903,20.0644],[93.2725,20.0475],[93.3128,20.0654],[93.3407,20.1022],[93.3618,20.0264],[93.3721,20.0308],[93.3748,20.0885],[93.3823,20.0885],[93.4232,19.9653],[93.4465,19.9514],[93.457,19.9543],[93.4705,19.9848],[93.4922,19.965],[93.5034,19.9863],[93.5256,19.9992],[93.5319,19.9848],[93.512,19.9704],[93.5319,19.9514],[93.5183,19.9396],[93.5659,19.9166],[93.5467,19.9029],[93.5807,19.8813],[93.6008,19.8886],[93.6113,19.9103],[93.7075,19.9166],[93.7175,19.9377],[93.74,19.9251],[93.7454,19.9166],[93.7256,19.9056],[93.738,19.8825],[93.6799,19.8834],[93.6607,19.8708],[93.6065,19.7961],[93.6014,19.7186],[93.6156,19.7239],[93.6355,19.7595],[93.6362,19.735],[93.6484,19.7252],[93.6935,19.7248],[93.7219,19.769],[93.7516,19.7657],[93.7188,19.7436],[93.7095,19.7135],[93.7312,19.6776],[93.7611,19.6749],[93.7839,19.6911],[93.8068,19.7458],[93.8274,19.7186],[93.7944,19.6736],[93.8001,19.6565],[93.7561,19.6611],[93.7385,19.6514],[93.7312,19.6326],[93.7396,19.6175],[93.7772,19.6031],[93.7944,19.5712],[93.8821,19.5019],[93.9373,19.492],[93.9192,19.4843],[93.9146,19.4728],[93.9238,19.4624],[93.9844,19.4641],[93.9911,19.4572],[93.9873,19.3867],[93.9639,19.348],[93.9502,19.3418],[93.9502,19.3207],[93.9299,19.2998],[93.8342,19.2382],[93.7969,19.2352],[93.7546,19.2471],[93.7229,19.2685],[93.7175,19.2934],[93.6653,19.3056],[93.6213,19.3344],[93.637,19.3491],[93.6113,19.4033],[93.5772,19.4033],[93.553,19.4306],[93.5301,19.4321],[93.4909,19.4076],[93.4841,19.3927],[93.4871,19.3337],[93.5671,19.2311],[93.594,19.1767],[93.6423,19.1342],[93.6709,19.0669],[93.6677,19.0439],[93.6789,19.0196],[93.7039,19.0185],[93.7346,18.9812],[93.8137,18.944],[93.8657,18.8955],[93.9074,18.8818],[93.9304,18.8586],[93.9441,18.8682],[93.9373,18.8893],[93.9739,18.9228],[93.9844,18.9678],[93.9525,19.032],[93.9554,19.1269],[93.9099,19.1767],[93.9104,19.191],[93.9255,19.2103],[93.9373,19.2047],[93.9471,19.1597],[93.9735,19.1463],[94.0334,19.2045],[94.0252,19.2866],[94.0306,19.3159],[94.0669,19.389],[94.0697,19.3509],[94.0459,19.3047],[94.0532,19.2214],[94.0327,19.1693],[94.0391,19.1221],[94.0291,19.0954],[94.0466,19.0811],[94.0942,19.0873],[94.0601,19.0637],[94.0661,19.0429],[94.0412,18.9976],[94.0532,18.9365],[94.0366,18.918],[94.0381,18.8591],[94.0532,18.8409],[94.0669,18.8483],[94.0785,18.8331],[94.1196,18.8166],[94.1351,18.8205],[94.1336,18.8465],[94.1489,18.8682],[94.1531,18.821],[94.2124,18.7418],[94.228,18.7355],[94.2525,18.7521],[94.2793,18.7385],[94.2116,18.7255],[94.1746,18.725],[94.1564,18.7385],[94.1489,18.731],[94.2488,18.6389],[94.2622,18.5451],[94.259,18.5357],[94.245,18.5393],[94.259,18.509],[94.3311,18.426],[94.3506,18.3752],[94.3897,18.3627],[94.417,18.314],[94.3892,18.286],[94.3311,18.3031],[94.3276,18.2587],[94.3416,18.2475],[94.4065,18.2513],[94.4229,18.2425],[94.4368,18.1824],[94.4579,18.1557],[94.4619,18.1218],[94.481,18.0942],[94.4949,18.0488],[94.4922,18.0259],[94.4509,18.0024],[94.4474,17.9733],[94.4834,17.9023],[94.5017,17.7866],[94.544,17.748],[94.563,17.6617],[94.5952,17.6155],[94.5907,17.5932],[94.615,17.5456],[94.5603,17.5821],[94.5539,17.5436],[94.5703,17.5052],[94.5768,17.3583],[94.5945,17.2923],[94.5462,17.3196],[94.5454,17.2961],[94.5189,17.2882],[94.512,17.2752],[94.5086,17.2301],[94.512,17.2172],[94.535,17.2051],[94.5379,17.1874],[94.5109,17.169],[94.4647,17.1893],[94.4544,17.1801],[94.4578,17.1538],[94.4857,17.141],[94.4888,17.1242],[94.4579,17.0596],[94.4578,16.9829],[94.4443,16.9497],[94.4647,16.9497],[94.4232,16.9013],[94.3823,16.9013],[94.4027,16.7883],[94.3796,16.7554],[94.3644,16.7011],[94.362,16.6355],[94.3521,16.6186],[94.3276,16.6064],[94.3462,16.5924],[94.3413,16.5484],[94.3311,16.5286],[94.2731,16.5382],[94.2683,16.5275],[94.2731,16.4665],[94.2586,16.3874],[94.2354,16.3484],[94.2378,16.2731],[94.2151,16.1577],[94.2098,16.029],[94.2395,15.9763],[94.2515,15.9685],[94.2866,15.9975],[94.3008,15.9897],[94.34,15.9962],[94.3606,16.0493],[94.4281,16.0742],[94.507,16.1896],[94.5212,16.2955],[94.562,16.2737],[94.5837,16.2748],[94.5989,16.2936],[94.6067,16.326],[94.6297,16.3442],[94.6355,16.3265],[94.582,16.2435],[94.584,16.2365],[94.6067,16.2431],[94.6279,16.2602],[94.6838,16.3641],[94.6702,16.5097],[94.677,16.532],[94.6839,16.5108],[94.6973,16.5084],[94.7323,16.5246],[94.7316,16.5102],[94.7107,16.4972],[94.7058,16.4731],[94.7217,16.3785],[94.7323,16.3607],[94.7049,16.3532],[94.6652,16.2576],[94.6838,16.2092],[94.6789,16.1213],[94.6423,16.0447],[94.5623,15.9619],[94.5666,15.9355],[94.5899,15.9316],[94.6148,15.9437],[94.7053,16.0207],[94.766,16.1395],[94.7937,16.162],[94.7927,16.1479],[94.7727,16.131],[94.7659,16.0932],[94.7417,16.0673],[94.7323,16.0174],[94.7031,15.9824],[94.6013,15.9212],[94.6224,15.8915],[94.6328,15.8897],[94.6355,15.9081],[94.6587,15.8545],[94.6838,15.8467],[94.7212,15.8567],[94.7454,15.8808],[94.7869,15.9621],[94.8462,16.0],[94.8694,16.041],[94.8484,16.0965],[94.8547,16.1602],[94.8931,16.2058],[94.967,16.2204],[94.9924,16.2508],[94.9592,16.2009],[94.9001,16.1838],[94.8631,16.1278],[94.8893,16.0174],[94.9241,16.0385],[94.9207,16.0186],[94.8628,15.9918],[94.8347,15.9492],[94.8484,15.9081],[94.8532,15.8403],[94.8826,15.8672],[94.8963,15.8474],[94.8904,15.8271],[94.8587,15.8088],[94.8469,15.7906],[94.9378,15.7641],[94.9756,15.7641],[94.9976,15.7953],[95.0339,15.8057],[95.055,15.8461],[95.0729,15.9706],[95.0706,16.0749],[95.1358,16.1484],[95.1487,16.132],[95.1836,16.1409],[95.2259,16.1199],[95.138,16.1003],[95.1102,16.0675],[95.0977,16.0251],[95.1078,15.9839],[95.1289,16.0385],[95.1375,16.0067],[95.1152,15.8939],[95.1257,15.8176],[95.1445,15.7891],[95.1736,15.7778],[95.2127,15.7866],[95.2244,15.8101],[95.2176,15.8843],[95.224,15.9186],[95.273,16.0037],[95.2759,15.9706],[95.2388,15.8939],[95.2516,15.8682],[95.2748,15.8765],[95.2971,15.903],[95.3119,15.9471],[95.3418,15.9839],[95.3486,16.0416],[95.3275,16.1074],[95.3382,16.1299],[95.3616,16.1484],[95.3455,16.105],[95.3685,16.0388],[95.3643,15.9846],[95.3386,15.922],[95.314,15.9007],[95.3127,15.8665],[95.2826,15.8383],[95.2879,15.7401],[95.3106,15.7232],[95.3742,15.715],[95.4158,15.723],[95.5234,15.8037],[95.6647,15.9492],[95.6873,15.9882],[95.697,16.066],[95.7323,16.1273],[95.7249,16.2228],[95.7555,16.1452],[95.7977,16.1449],[95.8181,16.176],[95.8899,16.244],[95.8831,16.2092],[95.9079,16.2117],[95.9514,16.2576],[95.9424,16.2191],[95.98,16.2231],[96.0676,16.3102],[96.0666,16.3356],[96.0066,16.3874],[96.0774,16.3608],[96.0977,16.3286],[96.119,16.3218],[96.2853,16.366],[96.3047,16.4064],[96.3213,16.4153],[96.3364,16.4394],[96.3101,16.4646],[96.2346,16.5764],[96.2461,16.6313],[96.2409,16.6501],[96.2046,16.6965],[96.1941,16.7432],[96.1712,16.7716],[96.2066,16.7775],[96.2576,16.8159],[96.2871,16.8131],[96.2345,16.7769],[96.2258,16.7613],[96.2293,16.7187],[96.2616,16.6407],[96.266,16.5968],[96.2898,16.5668],[96.3571,16.5185],[96.4002,16.5041],[96.4363,16.4778],[96.559,16.4969],[96.6159,16.518],[96.6795,16.5749],[96.7163,16.6584],[96.7832,16.7123],[96.801,16.7374],[96.7894,16.7561],[96.8113,16.7647],[96.8467,16.8449],[96.844,16.8739],[96.8079,16.9087],[96.8557,16.9013],[96.8352,16.936],[96.8683,16.9284],[96.8791,16.9347],[96.8869,16.9794],[96.9109,17.0248],[96.9102,17.0668],[96.8557,17.1688],[96.8494,17.213],[96.9109,17.2849],[96.9107,17.3171],[96.8512,17.3596],[96.8215,17.3947],[96.8421,17.409],[96.8557,17.3885],[96.8831,17.4574],[96.8955,17.3847],[97.0134,17.2991],[97.0072,17.2781],[97.0686,17.2514],[97.0887,17.1935],[97.1096,17.1893],[97.096,17.1658],[97.1003,17.1338],[97.1306,17.0794],[97.1581,17.1293],[97.2026,17.1316],[97.261,17.1073],[97.2337,17.0952],[97.1745,17.1125],[97.1572,17.0869],[97.1646,17.0593],[97.1983,17.0135],[97.1833,16.9215],[97.1916,16.9013],[97.2114,16.9079],[97.2195,16.9013],[97.2058,16.8746],[97.209,16.8332],[97.2195,16.8262],[97.2331,16.8746],[97.2405,16.8746],[97.2331,16.8398],[97.2448,16.8175],[97.2302,16.7966],[97.2302,16.7691],[97.2554,16.6979],[97.2858,16.6589],[97.3112,16.6524],[97.3298,16.6798],[97.3703,16.4835],[97.4026,16.5169],[97.4231,16.5234],[97.4763,16.5183],[97.4998,16.532],[97.5484,16.5382],[97.6304,16.532],[97.7129,16.5798],[97.7402,16.5593],[97.7031,16.5521],[97.6738,16.5334],[97.6372,16.4774],[97.6231,16.3945],[97.6265,16.3516],[97.6509,16.2713],[97.6196,16.1254],[97.6008,16.0925],[97.5718,16.08],[97.5689,16.0624],[97.5757,16.0174],[97.6372,15.9492],[97.6914,15.9123],[97.7123,15.8877],[97.7061,15.8603],[97.7214,15.8562],[97.7271,15.8432],[97.7264,15.7778],[97.7129,15.7573],[97.7339,15.7263],[97.7256,15.7013],[97.7437,15.6649],[97.7429,15.6045],[97.7743,15.5314],[97.7614,15.4905],[97.7948,15.4079],[97.7669,15.3893],[97.7608,15.3942],[97.7505,15.3601],[97.7341,15.3553],[97.7264,15.3396],[97.742,15.3179],[97.7432,15.2668],[97.7694,15.2233],[97.7803,15.2115],[97.8228,15.2093],[97.8071,15.175],[97.8102,15.0951],[97.7948,15.0585],[97.8084,15.0312],[97.7874,15.0307],[97.7743,15.0175],[97.8128,14.9833],[97.8159,14.9588],[97.7948,14.8803],[97.8151,14.8508],[97.8504,14.7236],[97.8755,14.7167],[97.9022,14.7377],[97.8972,14.7978],[97.9041,14.7978],[97.9172,14.7586],[97.9312,14.7522],[97.9456,14.7636],[97.9382,14.7847],[97.9499,14.7989],[97.9729,14.7636],[97.9646,14.7471],[98.0003,14.7221],[97.9822,14.7153],[98.0276,14.6475],[97.9924,14.6637],[97.9431,14.7202],[97.9041,14.709],[97.8855,14.6841],[97.8855,14.656],[97.9001,14.6303],[97.9251,14.6128],[97.9136,14.5867],[97.9661,14.4483],[97.9764,14.4438],[98.0003,14.4687],[97.9797,14.3974],[97.9935,14.3305],[98.0418,14.2429],[98.0896,14.1814],[98.1011,14.1918],[98.1101,14.1678],[98.0964,14.1678],[98.1077,14.11],[98.0617,14.0101],[98.0823,13.9245],[98.1109,13.9022],[98.1033,13.8764],[98.1101,13.7904],[98.0889,13.7951],[98.0828,13.77],[98.0921,13.7397],[98.117,13.7289],[98.1033,13.701],[98.1476,13.6948],[98.1688,13.6808],[98.1677,13.6732],[98.1511,13.6737],[98.1585,13.6423],[98.1375,13.6265],[98.1511,13.606],[98.1297,13.5823],[98.1414,13.5732],[98.1443,13.5371],[98.1511,13.5576],[98.1711,13.5378],[98.1869,13.5439],[98.1685,13.5843],[98.1961,13.6684],[98.1795,13.7324],[98.1995,13.8692],[98.1802,13.925],[98.1983,13.9649],[98.1995,13.9927],[98.179,14.0197],[98.1858,14.0647],[98.1921,14.0647],[98.2337,14.0026],[98.2272,13.989],[98.2337,13.9173],[98.2542,13.8518],[98.2478,13.8376],[98.2542,13.7978],[98.2405,13.746],[98.2448,13.7141],[98.302,13.701],[98.2957,13.688],[98.2883,13.6948],[98.3364,13.6198],[98.3361,13.5986],[98.3566,13.5849],[98.3572,13.5639],[98.3941,13.5428],[98.4264,13.4901],[98.4317,13.4787],[98.4186,13.4546],[98.4453,13.4243],[98.4528,13.3795],[98.4732,13.413],[98.4732,13.3795],[98.4601,13.3693],[98.4605,13.3558],[98.48,13.2839],[98.4899,13.2978],[98.5005,13.2492],[98.5785,13.1868],[98.5899,13.0847],[98.5804,13.0654],[98.5838,13.0266],[98.614,12.9543],[98.5899,12.9196],[98.6343,12.8786],[98.6514,12.7973],[98.6418,12.7824],[98.6174,12.7774],[98.6178,12.7663],[98.6277,12.7563],[98.6787,12.7563],[98.673,12.7468],[98.6445,12.742],[98.6484,12.7233],[98.6929,12.7253],[98.6677,12.6748],[98.6731,12.6254],[98.6514,12.6223],[98.6231,12.5582],[98.64,12.5319],[98.6731,12.5297],[98.7097,12.5124],[98.7014,12.4987],[98.6162,12.4857],[98.6052,12.4289],[98.6074,12.4183],[98.6514,12.3857],[98.7,12.364],[98.7066,12.3479],[98.6978,12.3279],[98.6768,12.3153],[98.5684,12.2909],[98.5402,12.261],[98.5391,12.2418],[98.5632,12.2077],[98.5967,12.194],[98.6629,12.2368],[98.7033,12.2378],[98.7137,12.2158],[98.7097,12.2043],[98.6582,12.1667],[98.6731,12.1667],[98.6731,12.1592],[98.6309,12.1462],[98.6296,12.132],[98.641,12.1137],[98.6338,12.0903],[98.665,12.0602],[98.7127,12.0636],[98.7031,12.0481],[98.7214,11.9978],[98.7202,11.9643],[98.6909,11.9543],[98.6641,11.9204],[98.6275,11.906],[98.5781,11.9067],[98.5581,11.8991],[98.549,11.8786],[98.6309,11.8786],[98.6941,11.8929],[98.7066,11.8786],[98.6809,11.8773],[98.6514,11.8303],[98.624,11.8303],[98.6035,11.8036],[98.6309,11.8036],[98.6321,11.7929],[98.6178,11.7893],[98.606,11.7692],[98.6104,11.7313],[98.6742,11.6852],[98.6843,11.6828],[98.7031,11.6975],[98.7122,11.7365],[98.7442,11.7625],[98.7681,11.7619],[98.8161,11.8338],[98.8089,11.8513],[98.8257,11.8259],[98.7903,11.7797],[98.783,11.7551],[98.8049,11.7365],[98.8767,11.7226],[98.8916,11.6937],[98.8226,11.708],[98.8171,11.6774],[98.8059,11.6732],[98.7803,11.6865],[98.7522,11.6817],[98.7356,11.642],[98.7363,11.5888],[98.7179,11.5319],[98.7289,11.5176],[98.7544,11.5224],[98.7749,11.4535],[98.7153,11.4432],[98.698,11.388],[98.7026,11.3791],[98.7271,11.3852],[98.7219,11.3501],[98.7593,11.2689],[98.7332,11.2071],[98.7241,11.1562],[98.6582,11.132],[98.6763,11.1006],[98.6888,11.0925],[98.7066,11.0978],[98.7224,11.0449],[98.6929,11.0084],[98.7202,10.9805],[98.7127,10.9743],[98.7124,10.9244],[98.7066,10.9128],[98.6731,10.9055],[98.648,10.9191],[98.6138,10.8903],[98.5816,10.882],[98.5864,10.861],[98.6309,10.8508],[98.5967,10.8371],[98.5999,10.8055],[98.5632,10.7273],[98.5437,10.7451],[98.521,10.741],[98.5383,10.7187],[98.5285,10.6931],[98.4983,10.7316],[98.4636,10.7294],[98.4593,10.7154],[98.4634,10.63],[98.4955,10.5569],[98.4942,10.4525],[98.5122,10.4228],[98.5285,10.3642],[98.5122,10.2614],[98.4905,10.1906],[98.5139,10.1469],[98.521,10.029],[98.5431,9.9875],[98.5606,10.0021],[98.5899,10.0421],[98.6442,10.155],[98.6961,10.2237],[98.7189,10.3126],[98.7474,10.3505],[98.7664,10.4112],[98.7913,10.5204],[98.7773,10.5832],[98.7479,10.6231],[98.7667,10.6888],[98.8301,10.7636],[98.8682,10.7699],[98.8921,10.8085],[98.9054,10.8144],[98.934,10.8077],[98.9745,10.8242],[98.9899,10.8604],[98.9796,10.9077],[98.9923,10.948],[99.0056,10.9588],[99.0551,10.9453],[99.0769,10.9965],[99.1517,11.0477],[99.1751,11.0874],[99.213,11.1083],[99.2433,11.1977],[99.2884,11.2583],[99.3157,11.3208],[99.3643,11.3767],[99.387,11.4516],[99.4282,11.4969],[99.4411,11.5334],[99.4406,11.5973],[99.4498,11.6138],[99.5426,11.6405],[99.6069,11.7257],[99.63,11.8158],[99.628,11.8254],[99.5918,11.8423],[99.5614,11.8729],[99.5541,11.895],[99.574,11.9763],[99.567,11.9933],[99.5184,12.0259],[99.5417,12.1407],[99.4523,12.1294],[99.4488,12.1472],[99.4738,12.1873],[99.4556,12.2276],[99.4544,12.2673],[99.4267,12.3087],[99.4206,12.3834],[99.387,12.4659],[99.4042,12.5081],[99.4033,12.5759],[99.3334,12.6254],[99.3097,12.6535],[99.2769,12.6656],[99.2667,12.7028],[99.2245,12.7175],[99.2141,12.7347],[99.2107,12.7923],[99.1753,12.8334],[99.1553,12.9045],[99.1648,12.9755],[99.0932,13.0383],[99.0883,13.0584],[99.1025,13.1044],[99.1021,13.1713],[99.1141,13.1881],[99.1728,13.1995],[99.1873,13.2122],[99.1902,13.2295],[99.1728,13.3009],[99.1869,13.3291],[99.1879,13.4271],[99.152,13.582],[99.1525,13.7149],[99.1012,13.7788],[99.09,13.8701],[99.0611,13.888],[99.0476,13.915],[99.0071,13.9496],[98.953,14.028],[98.9353,14.0854],[98.8723,14.1125],[98.7537,14.2001],[98.707,14.27],[98.6704,14.2679],[98.6442,14.2957],[98.6015,14.3136],[98.5477,14.3777],[98.4782,14.5165],[98.4528,14.5281],[98.4182,14.6076],[98.2975,14.7212],[98.2433,14.8051],[98.2391,14.844],[98.2221,14.8643],[98.2216,14.9213],[98.1911,14.9881],[98.2044,15.0296],[98.199,15.0514],[98.1681,15.0828],[98.1604,15.1064],[98.1907,15.1792],[98.1772,15.2206],[98.2329,15.2268],[98.283,15.29],[98.3179,15.289],[98.3852,15.2563],[98.3947,15.2801],[98.3775,15.2965],[98.3991,15.3218],[98.4034,15.3601],[98.4745,15.3835],[98.5155,15.3635],[98.5302,15.3477],[98.5336,15.326],[98.5599,15.3553],[98.5671,15.4525],[98.5437,15.6015],[98.5403,15.712],[98.5744,15.836],[98.5686,15.9202],[98.5838,15.977],[98.547,16.0475],[98.5559,16.0555],[98.5901,16.0458],[98.6191,16.051],[98.6441,16.0796],[98.6587,16.1163],[98.6796,16.1261],[98.7584,16.1192],[98.783,16.1024],[98.8072,16.1105],[98.8354,16.1445],[98.8431,16.2087],[98.8837,16.2588],[98.9025,16.3816],[98.8434,16.4384],[98.8396,16.4724],[98.8187,16.4556],[98.7886,16.3746],[98.7283,16.3283],[98.6824,16.2735],[98.6633,16.2867],[98.6295,16.4027],[98.6398,16.445],[98.6316,16.4631],[98.5642,16.552],[98.5616,16.6017],[98.5123,16.6433],[98.4863,16.701],[98.4567,16.7232],[98.4547,16.741],[98.4745,16.7767],[98.5175,16.803],[98.5205,16.8141],[98.49,16.8432],[98.5006,16.8622],[98.5246,16.8504],[98.5095,16.8927],[98.4845,16.9059],[98.4745,16.9504],[98.4179,17.029],[98.3798,17.0458],[98.3133,17.052],[98.2997,17.0647],[98.2862,17.0874],[98.2944,17.1076],[98.2683,17.1077],[98.279,17.1366],[98.2563,17.1516],[98.221,17.2008],[98.0926,17.3122],[98.0887,17.3728],[98.0355,17.405],[97.9828,17.5054],[97.9338,17.5318],[97.7593,17.6915],[97.7496,17.7398],[97.7169,17.7698],[97.6761,17.8303],[97.6991,17.8333],[97.6855,17.8807],[97.7201,17.9432],[97.7541,17.969],[97.7201,18.0531],[97.6942,18.0615],[97.6991,18.0907],[97.6843,18.1461],[97.6179,18.2417],[97.6433,18.273],[97.6376,18.3063],[97.5738,18.3331],[97.5606,18.3283],[97.5283,18.2653],[97.4865,18.2921],[97.4526,18.3336],[97.4431,18.4033],[97.3791,18.5208],[97.3514,18.5512],[97.3889,18.5422],[97.4275,18.4895],[97.5095,18.4913],[97.6179,18.5532],[97.7457,18.5711],[97.7597,18.6228],[97.7204,18.8176],[97.7234,18.852],[97.6578,18.9257],[97.7033,18.9644],[97.7278,19.0371],[97.7899,19.0826],[97.8108,19.1122],[97.8126,19.2085],[97.8052,19.2274],[97.7641,19.2664],[97.768,19.2771],[97.7983,19.2814],[97.8062,19.3011],[97.7831,19.3371],[97.7671,19.3975],[97.8421,19.4794],[97.8487,19.494],[97.8398,19.5553],[97.8486,19.5676],[97.8858,19.5728],[97.9481,19.6024],[97.9795,19.6333],[98.0083,19.6391],[98.0139,19.6694],[98.0046,19.7239],[98.0245,19.803],[98.0456,19.8076],[98.0729,19.7773],[98.1114,19.7771],[98.172,19.7316],[98.2133,19.7178],[98.2192,19.677],[98.2375,19.6647],[98.3073,19.69],[98.4396,19.6877],[98.4888,19.7067],[98.5326,19.6759],[98.5483,19.6926],[98.5984,19.7091],[98.6238,19.7375],[98.7492,19.7635],[98.8078,19.8065],[98.8519,19.784],[98.8837,19.7455],[98.8993,19.7486],[98.9738,19.7881],[99.0009,19.821],[99.0088,19.8459],[98.9994,19.9077],[99.0135,19.935],[99.0059,19.9723],[99.0168,20.041],[99.0365,20.0752],[99.0735,20.1012],[99.1175,20.1178],[99.1777,20.1218],[99.2365,20.1027],[99.2957,20.0625],[99.4414,20.1016],[99.5103,20.1538],[99.5258,20.1962],[99.4863,20.2455],[99.4664,20.3222],[99.4206,20.3756],[99.44,20.3822],[99.5029,20.3452],[99.5797,20.3212],[99.618,20.3224],[99.6519,20.3068],[99.7084,20.325],[99.7872,20.3341],[99.804,20.349],[99.8377,20.4168],[99.8779,20.4351],[99.9371,20.445],[99.9524,20.4363],[99.9859,20.387],[100.0361,20.3731],[100.0555,20.3442],[100.0993,20.3178],[100.0998,20.3622],[100.1209,20.3888],[100.1493,20.5481],[100.1729,20.6221],[100.2113,20.6974],[100.2902,20.775],[100.3297,20.786],[100.3648,20.8282],[100.5367,20.8077],[100.5989,20.8335],[100.6521,20.8766],[100.6231,20.8885],[100.5342,20.8739],[100.5157,20.8865],[100.5178,20.9063],[100.5292,20.9684],[100.5573,20.992],[100.5435,21.0274],[100.6255,21.0541],[100.6894,21.1593],[100.7254,21.3117],[100.8146,21.3002],[100.8513,21.3148],[100.896,21.3558],[101.0034,21.406],[101.1571,21.5197],[101.1542,21.568],[101.1739,21.6119],[101.1615,21.6584],[101.1277,21.6952],[101.1189,21.7598],[101.0828,21.7667],[100.9928,21.7114],[100.8349,21.6575],[100.797,21.6261],[100.704,21.5164],[100.6217,21.4691],[100.5718,21.4551],[100.4971,21.4618],[100.4567,21.455],[100.4435,21.4635],[100.4293,21.4954],[100.3991,21.5189],[100.342,21.5304],[100.2895,21.4831],[100.1871,21.4279],[100.1625,21.4364],[100.0973,21.5083],[100.09,21.5289],[100.0856,21.5676],[100.0949,21.5988],[100.1157,21.6295],[100.1437,21.64],[100.1428,21.6549],[100.1205,21.6737],[100.0823,21.6845],[99.9967,21.6861],[99.9607,21.7048],[99.9503,21.7212],[99.918,21.8292],[99.9657,21.963],[99.9343,22.0189],[99.9424,22.0455],[99.8478,22.055],[99.8417,22.0271],[99.821,22.0178],[99.7999,22.0375],[99.7237,22.0706],[99.6839,22.039],[99.6638,22.0487],[99.6335,22.0848],[99.539,22.1067],[99.4904,22.1043],[99.4386,22.1242],[99.3649,22.0989],[99.2529,22.1028],[99.1664,22.1321],[99.1445,22.1535],[99.1751,22.1687],[99.1594,22.1847],[99.1994,22.2453],[99.2184,22.31],[99.2437,22.3412],[99.2431,22.3932],[99.2828,22.4119],[99.3578,22.4955],[99.3441,22.5333],[99.355,22.6085],[99.3079,22.7196],[99.308,22.7452],[99.359,22.7749],[99.4144,22.8569],[99.4134,22.9307],[99.4299,22.9367],[99.4845,22.9103],[99.5153,22.9088],[99.538,22.9264],[99.5346,22.9493],[99.4904,23.012],[99.4931,23.0574],[99.4782,23.0658],[99.4033,23.0683],[99.3338,23.1296],[99.3141,23.1265],[99.2848,23.0882],[99.2166,23.0574],[99.2021,23.0673],[99.1942,23.0958],[99.0551,23.1096],[99.0264,23.1604],[98.859,23.1794],[98.8601,23.2123],[98.9107,23.2976],[98.8965,23.3233],[98.8534,23.3249],[98.8532,23.335],[98.8819,23.3497],[98.8901,23.3679],[98.8896,23.4068],[98.864,23.4666],[98.8489,23.4804],[98.8098,23.4741],[98.8,23.4807],[98.7809,23.5329],[98.7963,23.5579],[98.8502,23.5906],[98.856,23.61],[98.8003,23.6927],[98.7932,23.7585],[98.7779,23.7693],[98.685,23.7848],[98.6637,23.7969],[98.6714,23.8167],[98.6648,23.9034],[98.6745,23.9369],[98.6588,23.9611],[98.7168,23.9884],[98.8562,24.0838],[98.8735,24.1145],[98.8657,24.1457],[98.8181,24.129],[98.7162,24.1213],[98.5852,24.0757],[98.5033,24.1213],[98.435,24.1303],[98.3956,24.1281],[98.3307,24.0995],[98.1815,24.1187],[98.1051,24.1015],[97.89,24.0226],[97.8178,23.9582],[97.7678,23.9465],[97.6968,23.8871],[97.6371,23.8636],[97.6247,23.8467],[97.6099,23.8831],[97.533,23.9237],[97.5165,23.9428],[97.7077,24.1253],[97.7201,24.1474],[97.7231,24.1713],[97.7016,24.2109],[97.7241,24.2415],[97.7184,24.2777],[97.6445,24.3024],[97.6382,24.3281],[97.6896,24.3465],[97.6883,24.3677],[97.6626,24.3901],[97.6473,24.4323],[97.6244,24.4423],[97.5196,24.4308],[97.5133,24.4386],[97.5386,24.5973],[97.5328,24.7233],[97.5362,24.7451],[97.6639,24.8298],[97.7485,24.8265],[97.7652,24.8347],[97.773,24.8547],[97.7241,24.8972],[97.7083,24.9273],[97.6996,25.065],[97.7375,25.0905],[97.7541,25.1136],[97.801,25.2376],[97.8236,25.2616],[97.8603,25.2441],[97.8889,25.2056],[97.9099,25.2076],[97.9308,25.2185],[97.9763,25.2723],[98.0449,25.3119],[98.0757,25.3761],[98.1121,25.3962],[98.112,25.4485],[98.0998,25.5],[98.1342,25.5346],[98.1401,25.6115],[98.2324,25.5866],[98.2766,25.5524],[98.3326,25.567],[98.3572,25.5928],[98.3752,25.6493],[98.4132,25.6921],[98.4187,25.7242],[98.4393,25.7436],[98.4613,25.7947],[98.4981,25.8307],[98.5268,25.8388],[98.61,25.8006],[98.6778,25.8433],[98.6924,25.879],[98.6162,25.9794],[98.5824,25.9823],[98.5455,26.1056],[98.563,26.1312],[98.6193,26.1457],[98.6257,26.1443],[98.6243,26.1085],[98.6308,26.0969],[98.6444,26.0979],[98.6808,26.125],[98.6865,26.1541],[98.7055,26.1749],[98.677,26.2393],[98.6682,26.2482],[98.6482,26.2448],[98.6422,26.2545],[98.6578,26.3116],[98.6977,26.3541],[98.7135,26.3894],[98.7211,26.5389],[98.728,26.5726],[98.7556,26.625],[98.732,26.7135],[98.7504,26.792],[98.7145,26.862],[98.7363,26.8983],[98.7127,26.9951],[98.7378,27.0487],[98.7314,27.0688],[98.6914,27.0924],[98.6726,27.1756],[98.7077,27.3372],[98.6974,27.3689],[98.6773,27.3761],[98.6744,27.3866],[98.6683,27.4752],[98.6793,27.5773],[98.6472,27.6117],[98.6046,27.5927],[98.5784,27.5917],[98.5434,27.6425],[98.5222,27.6563],[98.4923,27.6434],[98.4103,27.6843],[98.4,27.6757],[98.3833,27.5558],[98.3639,27.5322],[98.3286,27.5229],[98.2947,27.5366],[98.2757,27.5701],[98.2544,27.6481],[98.2044,27.7273],[98.2115,27.7603],[98.1979,27.7806],[98.1966,27.8232],[98.1624,27.8428],[98.1401,27.8786],[98.1767,27.8981],[98.1773,27.9129],[98.1071,27.9731],[98.1225,28.0154],[98.128,28.1055],[98.115,28.1439]]],[[[80.9683,15.7952],[80.8884,15.8467],[80.8685,15.812],[80.918,15.7551],[80.9426,15.741],[80.9849,15.7618],[80.9885,15.7707],[80.9683,15.7952]]],[[[73.6463,10.0847],[73.644,10.0945],[73.6375,10.0871],[73.6326,10.0573],[73.6463,10.0847]]],[[[93.9203,7.0243],[93.8871,7.0893],[93.865,7.2007],[93.8308,7.2359],[93.814,7.2418],[93.7721,7.2117],[93.7653,7.2191],[93.7346,7.2055],[93.7173,7.1877],[93.6764,7.1819],[93.6497,7.1196],[93.6492,7.0131],[93.6646,7.0265],[93.7036,7.0063],[93.7481,6.9236],[93.7653,6.9243],[93.7661,6.9011],[93.7796,6.8902],[93.7757,6.8674],[93.7932,6.8492],[93.7844,6.8364],[93.8137,6.8083],[93.8127,6.754],[93.8342,6.7456],[93.8594,6.8043],[93.8899,6.801],[93.9031,6.8083],[93.8894,6.8418],[93.8936,6.8768],[93.9299,6.9591],[93.9287,7.0124],[93.9203,7.0243]]],[[[93.7312,7.3694],[93.6995,7.3987],[93.697,7.4451],[93.6672,7.3828],[93.6167,7.3673],[93.6069,7.3264],[93.594,7.3148],[93.6151,7.2874],[93.6179,7.26],[93.6442,7.2575],[93.7285,7.3371],[93.7312,7.3694]]],[[[93.4295,7.9553],[93.4012,7.968],[93.3914,8.0156],[93.3703,8.0173],[93.3226,8.0021],[93.305,7.9499],[93.3136,7.9292],[93.3482,7.9249],[93.3403,7.9013],[93.3543,7.8833],[93.3678,7.8786],[93.4212,7.8918],[93.4544,7.8693],[93.4598,7.9108],[93.4295,7.9553]]],[[[93.5659,7.9993],[93.5484,8.0201],[93.5393,7.9993],[93.5208,8.0044],[93.5115,7.9955],[93.5108,7.9802],[93.574,7.9249],[93.5659,7.9993]]],[[[93.5319,8.0347],[93.5376,8.0573],[93.5052,8.147],[93.531,8.1938],[93.5317,8.2132],[93.5234,8.2258],[93.5046,8.227],[93.4859,8.2201],[93.4466,8.1544],[93.4663,8.0744],[93.4922,8.0636],[93.4978,8.0825],[93.5169,8.0633],[93.5148,8.0562],[93.4978,8.062],[93.4956,8.0494],[93.4808,8.0405],[93.4844,7.9919],[93.5149,8.0277],[93.5319,8.0347]]],[[[73.0772,8.3153],[73.073,8.2954],[73.0484,8.2676],[73.0293,8.26],[73.0293,8.2743],[73.0225,8.2744],[73.0241,8.2554],[73.0447,8.2524],[73.0661,8.2705],[73.084,8.3085],[73.0772,8.3153]]],[[[93.1345,8.2402],[93.104,8.2756],[93.1014,8.3458],[93.0838,8.3559],[93.0643,8.3361],[93.0658,8.2681],[93.1025,8.2215],[93.1673,8.2045],[93.173,8.2213],[93.1345,8.2402]]],[[[93.6077,8.548],[93.6077,8.5692],[93.595,8.558],[93.6077,8.5071],[93.6014,8.4382],[93.6183,8.4539],[93.6282,8.4866],[93.6077,8.548]]],[[[92.8114,9.2312],[92.763,9.2641],[92.751,9.2612],[92.7544,9.2445],[92.7451,9.2291],[92.7139,9.2134],[92.7085,9.2016],[92.7312,9.1308],[92.7996,9.1102],[92.832,9.145],[92.8338,9.2024],[92.8114,9.2312]]],[[[92.5851,10.7713],[92.5651,10.8493],[92.5276,10.8955],[92.4828,10.8856],[92.429,10.8508],[92.4154,10.7989],[92.3767,10.784],[92.3795,10.6721],[92.417,10.6291],[92.4026,10.5752],[92.3781,10.5413],[92.3841,10.5293],[92.4065,10.5293],[92.4218,10.5462],[92.4441,10.5451],[92.4796,10.5161],[92.513,10.508],[92.5354,10.5249],[92.5742,10.5806],[92.5418,10.5917],[92.5398,10.6207],[92.5959,10.6784],[92.5851,10.7713]]],[[[92.6765,11.4125],[92.6963,11.4544],[92.6751,11.4904],[92.6541,11.5081],[92.6356,11.508],[92.6276,11.4774],[92.6372,11.4302],[92.6312,11.4162],[92.6008,11.4063],[92.5935,11.3784],[92.635,11.3579],[92.6732,11.3673],[92.6999,11.3844],[92.6765,11.4125]]],[[[92.2668,11.5895],[92.2173,11.5981],[92.2302,11.5773],[92.2345,11.5404],[92.2521,11.5292],[92.2732,11.5311],[92.285,11.544],[92.2869,11.5632],[92.2668,11.5895]]],[[[93.0425,11.9612],[93.0186,12.0158],[93.0254,12.0316],[93.0147,12.0372],[92.9807,12.0363],[92.947,11.9897],[92.9906,11.9544],[93.0249,11.9401],[93.0493,11.8961],[93.0664,11.8991],[93.0425,11.9612]]],[[[93.1033,12.1905],[93.0911,12.2043],[93.0733,12.2008],[93.0593,12.1536],[93.0643,12.1271],[93.0942,12.091],[93.1033,12.102],[93.095,12.1518],[93.1033,12.1905]]],[[[92.7331,12.9725],[92.7083,12.9887],[92.6828,12.9617],[92.6703,12.8677],[92.6828,12.7973],[92.6947,12.8038],[92.6971,12.8382],[92.7244,12.8724],[92.7331,12.9725]]],[[[93.0527,13.2839],[93.0256,13.3161],[92.9905,13.3178],[92.9771,13.3454],[92.9951,13.3574],[93.0042,13.331],[93.0469,13.3574],[93.0579,13.3829],[93.0784,13.3971],[93.0801,13.413],[93.0596,13.4068],[93.0537,13.4714],[93.0664,13.5371],[93.0425,13.5712],[93.0163,13.5674],[93.0117,13.5781],[93.0046,13.5622],[93.0117,13.5508],[92.9973,13.5467],[92.9844,13.5576],[92.9497,13.5446],[92.9429,13.5092],[92.895,13.4546],[92.8914,13.4009],[92.8474,13.3449],[92.8412,13.3249],[92.8542,13.3106],[92.8499,13.289],[92.864,13.2355],[92.8428,13.227],[92.8447,13.187],[92.8337,13.174],[92.8542,13.1461],[92.8296,13.1035],[92.808,13.0201],[92.8347,13.002],[92.8132,12.9581],[92.8132,12.9065],[92.8003,12.8578],[92.7857,12.84],[92.7654,12.8451],[92.7375,12.8072],[92.7477,12.6927],[92.7547,12.6772],[92.7832,12.665],[92.779,12.6527],[92.7547,12.6496],[92.7217,12.5994],[92.7178,12.3625],[92.7337,12.3181],[92.7785,12.3101],[92.7927,12.2964],[92.7942,12.2832],[92.7588,12.2766],[92.7586,12.2659],[92.7824,12.2486],[92.7927,12.2077],[92.784,12.1894],[92.7278,12.1728],[92.7195,12.1763],[92.721,12.2265],[92.7131,12.2326],[92.6971,12.2077],[92.6818,12.2196],[92.6401,12.1361],[92.6419,12.0363],[92.6213,11.9879],[92.6294,11.9438],[92.6177,11.8664],[92.6077,11.8828],[92.6145,11.8991],[92.5947,11.8987],[92.5706,11.9326],[92.5397,11.8944],[92.5249,11.8575],[92.5281,11.8459],[92.5667,11.8271],[92.5632,11.7256],[92.5798,11.7142],[92.6038,11.7189],[92.6196,11.6513],[92.6487,11.6385],[92.6213,11.6186],[92.6257,11.5954],[92.6546,11.5738],[92.6589,11.5463],[92.6897,11.5156],[92.7131,11.5073],[92.717,11.4945],[92.7351,11.5239],[92.7476,11.5978],[92.7654,11.6186],[92.7615,11.6636],[92.7461,11.6837],[92.736,11.6824],[92.7312,11.6527],[92.7107,11.6596],[92.7107,11.6217],[92.6968,11.6112],[92.6828,11.6152],[92.6839,11.6499],[92.7229,11.6938],[92.76,11.7087],[92.7995,11.8991],[92.7879,11.9345],[92.762,11.9401],[92.7449,11.8786],[92.7375,11.8786],[92.7406,11.9836],[92.7637,12.031],[92.7927,12.0363],[92.7575,12.0775],[92.7993,12.0895],[92.8089,12.0958],[92.8064,12.1046],[92.8337,12.1182],[92.8274,12.1401],[92.8745,12.1837],[92.8726,12.2015],[92.8942,12.205],[92.8799,12.2436],[92.9019,12.269],[92.9002,12.2832],[92.8792,12.313],[92.915,12.3384],[92.9019,12.3448],[92.8941,12.3681],[92.8636,12.3855],[92.8467,12.4335],[92.9019,12.4335],[92.895,12.4547],[92.936,12.4199],[92.9386,12.4381],[92.9702,12.4683],[92.9559,12.4774],[92.9906,12.5192],[92.989,12.5921],[92.9729,12.6281],[92.9905,12.7243],[92.9566,12.783],[92.968,12.8032],[92.964,12.8649],[92.9326,12.8929],[92.9245,12.9144],[92.9155,12.9196],[92.8963,12.8997],[92.8763,12.9167],[92.9053,12.9822],[92.9274,12.981],[92.936,12.9543],[92.9526,12.9708],[92.9562,12.9817],[92.9284,13.0275],[92.937,13.0671],[92.9566,13.0642],[92.9566,13.0847],[92.964,13.0847],[92.964,13.0369],[92.9793,13.0295],[92.9906,13.0437],[93.0195,13.0336],[93.0368,13.0622],[93.0527,13.133],[93.0569,13.2248],[93.0794,13.2598],[93.0527,13.2839]]],[[[93.0391,13.6675],[93.0332,13.6802],[92.9906,13.6675],[93.0527,13.6402],[93.0391,13.6675]]],[[[88.8729,21.5955],[88.8413,21.614],[88.8308,21.5774],[88.8387,21.5319],[88.8625,21.5236],[88.908,21.5307],[88.9113,21.5669],[88.8729,21.5955]]],[[[88.0505,21.7054],[88.0422,21.6682],[88.0518,21.6416],[88.1394,21.6303],[88.1444,21.6578],[88.1326,21.685],[88.1634,21.7055],[88.167,21.7654],[88.1467,21.8699],[88.1193,21.8595],[88.09,21.8087],[88.0505,21.7054]]],[[[88.6362,21.9214],[88.5843,21.8358],[88.5918,21.8044],[88.6463,21.7879],[88.6492,21.8424],[88.6706,21.9074],[88.6502,21.9274],[88.6362,21.9214]]],[[[88.0809,21.8494],[88.105,21.8612],[88.125,21.8887],[88.1326,21.9205],[88.1189,21.945],[88.1057,21.9476],[88.0942,21.9379],[88.0773,21.9046],[88.0711,21.8736],[88.0809,21.8494]]],[[[72.1727,10.8092],[72.2,10.8781],[72.179,10.8487],[72.1727,10.8092]]],[[[72.7891,11.2617],[72.7704,11.2036],[72.7754,11.1866],[72.7956,11.2572],[72.7891,11.2617]]],[[[67.3755,24.0627],[67.3934,24.0281],[67.4269,24.0075],[67.4539,24.0134],[67.4652,24.0406],[67.4854,24.0485],[67.458,24.0627],[67.3904,24.0493],[67.3755,24.0627]]],[[[98.0575,9.7969],[98.0461,9.8279],[98.0303,9.8334],[98.0154,9.8264],[98.0081,9.8074],[98.0183,9.7949],[98.0575,9.7969]]],[[[98.2287,10.52],[98.2337,10.5294],[98.2179,10.5286],[98.1897,10.5156],[98.1927,10.4824],[98.2219,10.4981],[98.2287,10.52]]],[[[98.4295,10.9777],[98.4403,10.9656],[98.4514,11.0019],[98.4329,10.9936],[98.4295,10.9777]]],[[[97.4645,11.7825],[97.4797,11.778],[97.4769,11.7882],[97.4629,11.7998],[97.4443,11.8002],[97.4645,11.7825]]],[[[97.8369,12.7724],[97.8635,12.7668],[97.868,12.7748],[97.8528,12.8065],[97.8418,12.8058],[97.8353,12.7928],[97.8369,12.7724]]],[[[98.2957,10.0489],[98.2957,10.0557],[98.2544,10.0627],[98.2346,10.0542],[98.1716,10.008],[98.1482,9.9704],[98.1275,9.9601],[98.1172,9.882],[98.1335,9.8456],[98.1716,9.8981],[98.179,9.9328],[98.1935,9.9315],[98.2439,9.9601],[98.2692,10.0026],[98.2883,10.008],[98.2941,10.0191],[98.2739,10.048],[98.2957,10.0489]]],[[[98.1858,10.1212],[98.1858,10.0421],[98.2014,10.1181],[98.2337,10.1445],[98.2278,10.1553],[98.2409,10.1678],[98.1961,10.1932],[98.179,10.1929],[98.1852,10.1768],[98.1716,10.1481],[98.1858,10.1212]]],[[[97.9115,10.4945],[97.8963,10.4875],[97.9041,10.4393],[97.8894,10.42],[97.8938,10.406],[97.9102,10.4019],[97.9319,10.412],[97.9177,10.4331],[97.9435,10.4438],[97.9251,10.4741],[97.9026,10.4793],[97.9115,10.4945]]],[[[98.4937,10.8911],[98.5005,10.8235],[98.5183,10.8295],[98.5285,10.8201],[98.4984,10.7936],[98.5271,10.7869],[98.5415,10.7962],[98.5532,10.8328],[98.5422,10.8601],[98.4937,10.8911]]],[[[97.8904,10.885],[97.8945,10.8642],[97.8836,10.8445],[97.9092,10.8572],[97.9413,10.8915],[97.9518,10.9191],[97.912,10.9243],[97.8963,10.9133],[97.8904,10.885]]],[[[98.2678,10.8371],[98.2318,10.8703],[98.222,10.9267],[98.2057,10.96],[98.1719,10.9787],[98.1409,10.9774],[98.1312,10.9464],[98.0774,10.8881],[98.0896,10.8781],[98.1003,10.882],[98.1467,10.9245],[98.1653,10.9191],[98.1716,10.885],[98.179,10.8986],[98.1987,10.8817],[98.22,10.8409],[98.2405,10.831],[98.2337,10.7683],[98.2555,10.7464],[98.2405,10.7347],[98.2337,10.741],[98.2322,10.7083],[98.2507,10.6931],[98.2678,10.6965],[98.2957,10.7347],[98.283,10.7565],[98.2957,10.7819],[98.2764,10.7845],[98.2678,10.8371]]],[[[98.5285,10.9743],[98.5339,10.9508],[98.5415,10.9538],[98.5452,11.0159],[98.5371,11.0689],[98.5247,11.0867],[98.5142,11.0699],[98.5142,11.0358],[98.4868,11.0084],[98.4771,10.9737],[98.4859,10.9559],[98.508,10.9464],[98.5121,10.9652],[98.5285,10.9743]]],[[[98.2752,11.248],[98.2814,11.2759],[98.22,11.2691],[98.2432,11.243],[98.2473,11.2145],[98.2951,11.2311],[98.2984,11.2486],[98.2752,11.248]]],[[[98.2783,11.7998],[98.2678,11.7414],[98.2337,11.6664],[98.2405,11.6248],[98.2229,11.6176],[98.2026,11.5892],[98.2017,11.5691],[98.2131,11.5534],[98.1875,11.535],[98.1995,11.4882],[98.1841,11.4726],[98.1653,11.4739],[98.1653,11.4535],[98.1765,11.4492],[98.22,11.4535],[98.202,11.4663],[98.2268,11.4739],[98.2235,11.4888],[98.2337,11.5019],[98.2609,11.4678],[98.2678,11.4882],[98.2752,11.4808],[98.2826,11.5664],[98.2957,11.5913],[98.2879,11.6109],[98.302,11.7142],[98.323,11.7313],[98.3067,11.7774],[98.2918,11.7989],[98.2783,11.7998]]],[[[98.5353,11.8036],[98.4868,11.7961],[98.4453,11.8036],[98.4528,11.7893],[98.4382,11.7871],[98.3708,11.7893],[98.3821,11.7762],[98.4131,11.7734],[98.3799,11.7509],[98.3814,11.7314],[98.4055,11.708],[98.3821,11.7042],[98.3794,11.6911],[98.4186,11.6323],[98.4157,11.6044],[98.4317,11.6049],[98.4324,11.5667],[98.4419,11.5641],[98.459,11.5838],[98.5005,11.5634],[98.5353,11.5292],[98.5285,11.5805],[98.549,11.6217],[98.5461,11.6992],[98.5564,11.7587],[98.549,11.7916],[98.5353,11.8036]]],[[[98.0554,11.7011],[98.0747,11.7134],[98.0823,11.7347],[98.058,11.7291],[98.0523,11.776],[98.0139,11.8166],[98.0139,11.865],[97.9998,11.8418],[98.0119,11.7873],[98.0071,11.7619],[98.0225,11.7558],[98.0286,11.737],[98.0244,11.708],[98.0117,11.7047],[98.0574,11.6531],[98.0896,11.6323],[98.0617,11.6732],[98.0677,11.6911],[98.0554,11.7011]]],[[[97.6644,11.906],[97.6428,11.8677],[97.6509,11.8445],[97.6719,11.8377],[97.6667,11.8634],[97.6785,11.8879],[97.6644,11.906]]],[[[98.2542,11.8581],[98.2737,11.8533],[98.2891,11.8824],[98.2848,11.8961],[98.2654,11.9085],[98.2565,11.9025],[98.2542,11.8581]]],[[[98.2678,11.9339],[98.2609,11.9711],[98.2359,11.9683],[98.2271,11.9539],[98.2461,11.9254],[98.2678,11.9339]]],[[[98.6035,11.9674],[98.5596,12.0008],[98.5415,11.9953],[98.5199,12.007],[98.4391,12.112],[98.4309,12.1007],[98.4403,12.0154],[98.471,11.9881],[98.4597,11.9337],[98.478,11.8909],[98.5159,11.8959],[98.5726,11.9316],[98.6582,11.9401],[98.6582,11.9339],[98.6592,11.9487],[98.6035,11.9674]]],[[[98.0964,12.1872],[98.117,12.2213],[98.1238,12.2595],[98.1082,12.2847],[98.0725,12.2895],[98.0462,12.262],[98.0344,12.2213],[98.0767,12.1619],[98.1167,12.1655],[98.1375,12.1387],[98.1318,12.1986],[98.0964,12.1872]]],[[[98.0653,12.3653],[98.0877,12.3601],[98.1045,12.383],[98.0906,12.4223],[98.0759,12.4274],[98.0636,12.3978],[98.0456,12.3891],[98.0418,12.3585],[98.0139,12.3585],[98.0054,12.3673],[98.0234,12.3987],[98.0178,12.4027],[97.9546,12.3778],[97.94,12.3663],[97.9382,12.338],[97.9661,12.3585],[97.971,12.3449],[97.9456,12.31],[97.9824,12.3064],[98.0003,12.269],[98.0105,12.31],[98.048,12.3305],[98.0653,12.3653]]],[[[98.5142,12.4956],[98.4998,12.5131],[98.4885,12.4933],[98.4743,12.425],[98.4956,12.4058],[98.5142,12.4237],[98.5142,12.4956]]],[[[98.2542,12.5676],[98.2337,12.5537],[98.2302,12.517],[98.2605,12.4953],[98.2829,12.5039],[98.2899,12.5263],[98.2625,12.5688],[98.2568,12.5742],[98.2542,12.5676]]],[[[97.8228,12.5875],[97.834,12.5707],[97.8294,12.5571],[97.8408,12.5569],[97.8499,12.5373],[97.8618,12.5598],[97.8499,12.5946],[97.8228,12.5875]]],[[[98.4663,12.5837],[98.4509,12.604],[98.4382,12.5874],[98.4255,12.5297],[98.3981,12.5875],[98.4055,12.639],[98.3875,12.6577],[98.333,12.6712],[98.3156,12.6874],[98.302,12.6463],[98.3027,12.5986],[98.333,12.5192],[98.3156,12.4956],[98.3361,12.4509],[98.302,12.338],[98.3499,12.3259],[98.3913,12.3615],[98.4558,12.4577],[98.4702,12.5175],[98.4663,12.5837]]],[[[98.2957,13.0847],[98.2615,13.2143],[98.2473,13.215],[98.242,13.2039],[98.239,13.1588],[98.302,12.9133],[98.3143,12.9255],[98.302,13.0294],[98.3364,13.0739],[98.3185,13.0914],[98.2957,13.0847]]],[[[97.9319,13.8593],[97.9187,13.8533],[97.9177,13.7836],[97.9251,13.7836],[97.9382,13.8518],[97.9319,13.8593]]],[[[93.396,14.1404],[93.386,14.1509],[93.3748,14.0647],[93.3948,14.0764],[93.4002,14.0956],[93.396,14.1404]]],[[[93.6758,14.8592],[93.6904,14.8581],[93.7044,14.871],[93.7244,14.9138],[93.7039,14.9044],[93.6758,14.8592]]],[[[97.6644,15.5656],[97.6509,15.5922],[97.6644,15.5041],[97.6724,15.5334],[97.6644,15.5656]]],[[[94.828,15.932],[94.8233,15.9458],[94.8068,15.9311],[94.7249,15.812],[94.7778,15.7916],[94.8037,15.7966],[94.8416,15.8774],[94.828,15.932]]],[[[94.6621,16.2219],[94.6428,16.2455],[94.6116,16.2217],[94.5188,16.1204],[94.4854,16.059],[94.3897,16.0009],[94.3823,15.9696],[94.4172,15.8718],[94.4027,15.8393],[94.4331,15.8696],[94.4368,15.9007],[94.4784,15.9423],[94.478,15.9661],[94.5696,16.0052],[94.6296,16.0752],[94.6546,16.122],[94.6675,16.1719],[94.6621,16.2219]]],[[[97.5894,16.4153],[97.6106,16.4462],[97.6063,16.4835],[97.5205,16.5109],[97.47,16.4905],[97.4522,16.4494],[97.4849,16.3639],[97.4828,16.342],[97.4692,16.3327],[97.4593,16.3014],[97.5105,16.2542],[97.5169,16.2098],[97.5475,16.1999],[97.5714,16.2227],[97.5689,16.2986],[97.5894,16.3402],[97.5894,16.4153]]],[[[93.7454,18.8],[93.7516,18.8409],[93.7424,18.8723],[93.6633,18.8732],[93.6218,18.9103],[93.5772,18.8819],[93.4841,18.875],[93.4978,18.8409],[93.6453,18.6793],[93.6931,18.6738],[93.7319,18.6897],[93.7468,18.7088],[93.759,18.7556],[93.7454,18.8]]],[[[93.9707,19.4169],[93.8802,19.4792],[93.8581,19.4825],[93.82,19.4715],[93.7236,19.5564],[93.6882,19.5595],[93.6492,19.5131],[93.6566,19.4974],[93.6418,19.492],[93.6691,19.4465],[93.7305,19.4193],[93.738,19.4033],[93.7254,19.3869],[93.7498,19.3333],[93.7738,19.2988],[93.8027,19.2767],[93.8569,19.2789],[93.8649,19.2829],[93.8628,19.3078],[93.8752,19.3139],[93.8894,19.2996],[93.9172,19.3183],[93.9402,19.3486],[93.9658,19.363],[93.9707,19.4169]]],[[[93.5052,19.8073],[93.4988,19.887],[93.4426,19.9381],[93.4028,19.9531],[93.4407,19.8109],[93.512,19.7458],[93.5169,19.7772],[93.5052,19.8073]]],[[[92.964,20.0367],[92.9529,20.0631],[92.9227,20.0876],[92.912,20.0847],[92.9094,20.0651],[93.0012,19.9066],[93.0186,19.8278],[93.0249,19.8278],[93.0147,19.9056],[92.964,20.0367]]],[[[91.9356,21.76],[91.9356,21.7812],[91.9012,21.7743],[91.9095,21.7268],[91.8877,21.685],[91.9028,21.7303],[91.898,21.7433],[91.8723,21.7548],[91.8535,21.7258],[91.8479,21.6888],[91.874,21.5819],[91.8711,21.5477],[91.8552,21.5195],[91.8771,21.481],[91.8997,21.486],[91.8945,21.5068],[91.9611,21.5062],[91.9702,21.5236],[91.9839,21.6092],[91.9749,21.6487],[91.9387,21.7148],[91.9356,21.76]]],[[[89.1157,21.7812],[89.0928,21.7934],[89.0676,21.9044],[89.0574,21.9177],[89.0457,21.9171],[89.0638,21.8415],[89.0515,21.7932],[89.1023,21.7368],[89.1325,21.7216],[89.1447,21.7393],[89.139,21.7668],[89.1157,21.7812]]],[[[91.8877,21.8662],[91.8672,21.932],[91.8362,21.8941],[91.8399,21.8255],[91.824,21.7426],[91.8325,21.7258],[91.8877,21.8662]]],[[[90.5935,21.9866],[90.522,21.9388],[90.5104,21.8979],[90.5315,21.8767],[90.5036,21.8699],[90.5036,21.8625],[90.5213,21.8615],[90.5408,21.8759],[90.5656,21.9177],[90.5808,21.9125],[90.5908,21.9351],[90.6066,21.9388],[90.5935,21.9866]]],[[[90.3322,21.9388],[90.3186,21.8928],[90.3229,21.8439],[90.3416,21.8603],[90.3943,22.0002],[90.3714,21.9948],[90.3322,21.9388]]],[[[90.3875,22.048],[90.3739,22.0456],[90.3587,22.0227],[90.3396,21.9723],[90.3811,22.0231],[90.3875,22.048]]],[[[90.4352,22.0412],[90.4285,22.048],[90.4155,22.0383],[90.4119,21.976],[90.3943,21.9388],[90.4024,21.9069],[90.4155,21.9005],[90.4763,21.945],[90.4862,21.9768],[90.4733,22.0036],[90.4352,22.0412]]],[[[90.5444,22.0617],[90.5036,22.0241],[90.509,21.9994],[90.5383,22.0002],[90.5597,22.0237],[90.5862,22.1306],[90.5935,22.1026],[90.6135,22.164],[90.5601,22.1377],[90.4917,22.0801],[90.4837,22.035],[90.5383,22.0685],[90.5444,22.0617]]],[[[90.9417,22.205],[90.9356,22.2125],[90.9203,22.1601],[90.9192,22.1321],[90.9294,22.1169],[90.949,22.1216],[90.9567,22.1448],[90.9567,22.1989],[90.9512,22.2125],[90.9417,22.205]]],[[[90.9764,22.1858],[90.9878,22.1954],[90.9978,22.2351],[90.9969,22.2535],[90.9829,22.2592],[90.9764,22.1858]]],[[[90.9529,22.2268],[90.9901,22.2814],[90.9944,22.3021],[90.9895,22.3408],[90.9764,22.3633],[90.9372,22.2327],[90.9529,22.2268]]],[[[91.1488,22.3571],[91.0923,22.3913],[91.0748,22.3886],[91.0591,22.192],[91.0051,22.1168],[91.0225,22.0949],[91.0633,22.0898],[91.1415,22.1462],[91.1868,22.2278],[91.1714,22.3196],[91.1565,22.3321],[91.1488,22.3571]]],[[[90.6196,22.4248],[90.6401,22.3497],[90.6333,22.3497],[90.6401,22.3087],[90.6467,22.3261],[90.6404,22.366],[90.6475,22.3838],[90.6611,22.3559],[90.6587,22.3795],[90.6331,22.4316],[90.6144,22.449],[90.6016,22.4483],[90.6014,22.4292],[90.6196,22.4248]]],[[[90.6475,22.4248],[90.6673,22.439],[90.6653,22.4691],[90.6535,22.4835],[90.6475,22.4248]]],[[[91.1586,22.5034],[91.1236,22.4891],[91.1137,22.4614],[91.1342,22.4495],[91.1595,22.4507],[91.201,22.4722],[91.2108,22.4955],[91.2,22.5147],[91.1586,22.5034]]],[[[91.4676,22.5863],[91.4468,22.5763],[91.4238,22.5253],[91.4465,22.4532],[91.4761,22.4133],[91.5075,22.3968],[91.5552,22.402],[91.5636,22.4356],[91.5564,22.4782],[91.4676,22.5863]]],[[[90.7906,22.4953],[90.7669,22.5175],[90.747,22.5969],[90.6841,22.6944],[90.6506,22.7874],[90.5962,22.7754],[90.5786,22.757],[90.5563,22.6747],[90.5588,22.6029],[90.6475,22.5483],[90.6818,22.4453],[90.688,22.3776],[90.6785,22.2828],[90.6318,22.1821],[90.6222,22.1451],[90.6333,22.1231],[90.6035,22.044],[90.61,22.0241],[90.626,22.0272],[90.6818,22.1026],[90.6394,22.0161],[90.6475,21.994],[90.6917,22.007],[90.7178,22.0484],[90.75,22.076],[90.7573,22.0617],[90.7748,22.0759],[90.8279,22.1524],[90.8362,22.1782],[90.835,22.3396],[90.855,22.4347],[90.7906,22.4953]]],[[[90.6453,22.8493],[90.5923,22.8819],[90.5444,22.8807],[90.5376,22.8668],[90.4734,22.8651],[90.4631,22.8341],[90.4642,22.7789],[90.4557,22.7674],[90.4928,22.7532],[90.4982,22.7338],[90.521,22.7118],[90.5346,22.7288],[90.5316,22.7692],[90.591,22.8139],[90.6782,22.8083],[90.6453,22.8493]]],[[[90.6673,22.953],[90.5862,23.0349],[90.5613,23.0326],[90.528,23.0076],[90.5081,22.9758],[90.5241,22.953],[90.5991,22.9592],[90.6362,22.9213],[90.6673,22.9182],[90.6333,22.953],[90.6673,22.953]]],[[[90.5104,23.069],[90.4557,23.0628],[90.4695,23.0076],[90.5156,23.0519],[90.5104,23.069]]],[[[90.5241,23.3223],[90.5296,23.3336],[90.5862,23.3017],[90.5776,23.3236],[90.5394,23.35],[90.4557,23.385],[90.4297,23.3852],[90.4373,23.3618],[90.4871,23.319],[90.5061,23.3142],[90.5241,23.3223]]],[[[81.876,7.0919],[81.8807,7.3271],[81.8557,7.4122],[81.826,7.4742],[81.8187,7.4734],[81.8078,7.4103],[81.8008,7.4103],[81.7934,7.4655],[81.771,7.457],[81.7798,7.4724],[81.7576,7.5054],[81.773,7.5239],[81.7661,7.5407],[81.773,7.568],[81.749,7.6225],[81.714,7.6437],[81.7116,7.6225],[81.7051,7.6389],[81.7116,7.6505],[81.6637,7.7051],[81.659,7.7233],[81.6364,7.7331],[81.619,7.7192],[81.5955,7.7263],[81.6025,7.7484],[81.6265,7.7602],[81.6561,7.7431],[81.6909,7.7051],[81.7131,7.7118],[81.7107,7.7311],[81.6537,7.7978],[81.6364,7.8355],[81.6082,7.8317],[81.5876,7.8553],[81.5759,7.8894],[81.5817,7.9112],[81.5955,7.9174],[81.5607,7.9584],[81.5607,7.9993],[81.5402,7.9863],[81.5339,8.0136],[81.5197,7.9993],[81.4806,8.0654],[81.4644,8.116],[81.4524,8.0945],[81.4356,8.0932],[81.3963,8.1365],[81.3963,8.1918],[81.4036,8.1918],[81.4303,8.103],[81.4485,8.128],[81.3993,8.3393],[81.3621,8.35],[81.3566,8.3625],[81.3518,8.4047],[81.3894,8.3637],[81.3657,8.4822],[81.3342,8.5146],[81.2864,8.5002],[81.2966,8.4768],[81.2811,8.467],[81.2131,8.4724],[81.1703,8.5207],[81.134,8.5013],[81.1294,8.5103],[81.1423,8.5276],[81.159,8.5346],[81.2106,8.5071],[81.218,8.5225],[81.2044,8.5555],[81.2123,8.5727],[81.23,8.5579],[81.2249,8.5418],[81.2498,8.5458],[81.2249,8.6169],[81.2044,8.6101],[81.2316,8.633],[81.2317,8.6511],[81.1946,8.6961],[81.1975,8.7057],[81.1823,8.7122],[81.1765,8.6989],[81.1502,8.7772],[81.1143,8.8],[81.0928,8.8516],[81.0467,8.8821],[80.9785,8.98],[80.9476,8.9329],[80.9307,8.9316],[80.9149,8.9439],[80.9351,8.9649],[80.9232,8.9732],[80.9229,8.9923],[80.8753,9.0415],[80.9307,9.021],[80.9443,9.0006],[80.9583,9.0179],[80.9353,9.0334],[80.9164,9.0622],[80.8965,9.1166],[80.8753,9.1036],[80.8731,9.1265],[80.8345,9.1418],[80.8401,9.156],[80.8822,9.1452],[80.8239,9.2705],[80.8036,9.2716],[80.814,9.2395],[80.7936,9.2506],[80.7365,9.309],[80.7625,9.3084],[80.7866,9.2885],[80.7988,9.2949],[80.7444,9.3597],[80.4683,9.5814],[80.4099,9.6175],[80.279,9.7698],[80.2606,9.8162],[80.2468,9.8259],[80.1577,9.8229],[80.1367,9.8139],[80.1387,9.7987],[80.2478,9.7551],[80.3198,9.6728],[80.444,9.5759],[80.3386,9.6292],[80.2223,9.7545],[80.2113,9.7609],[80.1804,9.7558],[80.1709,9.7673],[80.1301,9.7773],[80.1223,9.8189],[79.9885,9.8229],[79.9707,9.8151],[79.9097,9.7683],[79.958,9.6857],[79.9592,9.6928],[80.001,9.6747],[80.1113,9.6085],[80.1356,9.6038],[80.094,9.6448],[80.1155,9.6357],[80.186,9.5841],[80.2,9.5992],[80.176,9.6243],[80.1736,9.6487],[80.186,9.6485],[80.2975,9.5913],[80.3687,9.5302],[80.4157,9.5275],[80.429,9.5178],[80.444,9.5281],[80.4714,9.5281],[80.5467,9.4924],[80.6148,9.4462],[80.4266,9.5002],[80.2869,9.4527],[80.2659,9.4667],[80.2721,9.4735],[80.2659,9.4871],[80.2781,9.4933],[80.2722,9.5041],[80.2334,9.5342],[80.176,9.5486],[80.0852,9.5954],[80.053,9.5964],[80.0679,9.578],[80.1613,9.5206],[80.197,9.4735],[80.1629,9.4592],[80.1409,9.4303],[80.0871,9.415],[80.053,9.3915],[80.0662,9.3326],[80.1182,9.3004],[80.1056,9.1929],[80.048,9.0263],[79.9471,8.9487],[79.9155,8.9385],[79.9302,8.8845],[79.9264,8.8019],[79.9505,8.7398],[79.9417,8.6425],[79.9165,8.576],[79.8738,8.5381],[79.8659,8.4614],[79.8482,8.4382],[79.8272,8.2777],[79.8047,8.229],[79.8272,8.1365],[79.7935,8.0728],[79.8338,8.0031],[79.8102,7.9865],[79.7638,7.9901],[79.7319,8.0131],[79.752,8.0546],[79.7295,8.0811],[79.7275,8.1109],[79.7445,8.1645],[79.7461,8.2061],[79.7588,8.2129],[79.7786,8.26],[79.7571,8.2637],[79.7445,8.2812],[79.7786,8.35],[79.749,8.3039],[79.7288,8.2497],[79.6968,8.2191],[79.7072,8.1421],[79.7036,8.1235],[79.6968,8.1303],[79.6968,8.0983],[79.7603,7.8684],[79.7888,7.6882],[79.802,7.6593],[79.793,7.6027],[79.7786,7.6027],[79.8338,7.2328],[79.8263,7.2104],[79.8543,7.1918],[79.8616,7.1674],[79.8618,7.1366],[79.8482,7.123],[79.8203,7.2055],[79.8137,7.1807],[79.8616,7.0119],[79.8482,6.9621],[79.8482,6.8902],[79.863,6.8072],[79.9696,6.5353],[79.9779,6.4787],[79.9642,6.4719],[79.9779,6.4582],[79.9937,6.3941],[80.0121,6.3613],[80.032,6.2663],[80.094,6.1361],[80.2039,6.0262],[80.2114,6.0336],[80.2476,6.0092],[80.3273,5.9853],[80.341,5.9709],[80.3584,5.9784],[80.3786,5.9647],[80.412,5.9599],[80.444,5.9709],[80.4652,5.9407],[80.5396,5.9443],[80.5908,5.9237],[80.6563,5.9579],[80.7144,5.9579],[80.8091,6.0351],[80.8352,6.0452],[80.8623,6.0399],[80.8775,6.0611],[80.9027,6.0708],[81.1126,6.1203],[81.1764,6.1504],[81.1877,6.1816],[81.2026,6.178],[81.2044,6.1627],[81.325,6.2054],[81.3621,6.2254],[81.5477,6.3707],[81.6501,6.4309],[81.6815,6.4621],[81.7756,6.6104],[81.7866,6.6393],[81.7798,6.6636],[81.8316,6.7654],[81.8386,6.8214],[81.8846,6.9802],[81.8887,7.0408],[81.876,7.0919]]],[[[81.7388,7.6605],[81.7874,7.5935],[81.7874,7.4968],[81.8078,7.4792],[81.8226,7.4914],[81.8233,7.5114],[81.8063,7.5986],[81.7251,7.7399],[81.7251,7.6989],[81.7388,7.6605]]],[[[79.7141,9.0756],[79.7998,9.049],[79.8858,8.9762],[79.9097,8.9732],[79.8543,9.0415],[79.9165,9.021],[79.8416,9.0772],[79.7588,9.1036],[79.7141,9.1036],[79.698,9.0896],[79.7141,9.0756]]],[[[79.7308,9.5002],[79.7192,9.5244],[79.6763,9.535],[79.6587,9.5554],[79.6558,9.5039],[79.666,9.4913],[79.7147,9.4851],[79.7308,9.5002]]],[[[79.8958,9.6175],[79.9265,9.6295],[79.9578,9.6172],[79.9779,9.6243],[79.9336,9.6547],[79.9264,9.6789],[79.9028,9.6789],[79.8947,9.6882],[79.8941,9.7574],[79.8823,9.7609],[79.8605,9.7563],[79.8407,9.6994],[79.8649,9.6515],[79.8958,9.6175]]]]}},{"type":"Feature","properties":{"id":"india","name":"Bharat"},"geometry":{"type":"MultiPolygon","coordinates":[[[[93.8481,7.2403],[93.8069,7.2336],[93.8119,7.2136],[93.8025,7.2014],[93.7926,7.2131],[93.7714,7.2069],[93.7606,7.2144],[93.7336,7.1872],[93.6861,7.19],[93.6731,7.1758],[93.6758,7.1399],[93.6556,7.1253],[93.6583,7.1119],[93.6747,7.1125],[93.6572,7.099],[93.67,7.0831],[93.6622,7.0694],[93.6742,7.0239],[93.663,7.0066],[93.6939,7.0151],[93.7037,6.9916],[93.723,6.9919],[93.7353,6.96],[93.7453,6.9619],[93.7522,6.9369],[93.7419,6.925],[93.7522,6.9074],[93.7644,6.9164],[93.7679,6.8954],[93.7808,6.8903],[93.7716,6.8767],[93.7793,6.8573],[93.7944,6.8503],[93.7866,6.831],[93.8036,6.8122],[93.8156,6.8161],[93.8049,6.7645],[93.8269,6.7543],[93.8473,6.7798],[93.8509,6.8161],[93.8683,6.815],[93.8819,6.7928],[93.9021,6.813],[93.9104,6.8348],[93.8936,6.8469],[93.9018,6.8747],[93.8972,6.9022],[93.9165,6.9129],[93.9092,6.9275],[93.9182,6.9471],[93.9455,6.9558],[93.9139,7],[93.9273,7.0113],[93.9429,6.9927],[93.9478,6.9989],[93.9287,7.0272],[93.9161,7.0253],[93.9167,7.0484],[93.8878,7.0864],[93.8828,7.2036],[93.8684,7.2174],[93.8461,7.2181],[93.8481,7.2403]]],[[[93.7131,7.4436],[93.7047,7.4431],[93.7033,7.4014],[93.7139,7.3928],[93.6842,7.3875],[93.6744,7.3733],[93.6633,7.3811],[93.6494,7.3686],[93.6325,7.3706],[93.6361,7.3214],[93.6211,7.3083],[93.6344,7.2864],[93.6292,7.2647],[93.6483,7.2425],[93.6689,7.2578],[93.6794,7.2847],[93.725,7.31],[93.7557,7.3598],[93.7565,7.3744],[93.7214,7.4022],[93.7131,7.4436]]],[[[93.38,8.0247],[93.3594,8.0094],[93.3469,8.0164],[93.3269,8.0028],[93.3239,7.9758],[93.3106,7.9619],[93.3172,7.9336],[93.3308,7.9233],[93.3339,7.9358],[93.3431,7.9317],[93.3494,7.945],[93.3581,7.9417],[93.3426,7.9188],[93.3564,7.8889],[93.38,7.8822],[93.3975,7.9019],[93.4225,7.9072],[93.4414,7.8989],[93.4617,7.8722],[93.4747,7.8925],[93.4656,7.9289],[93.43,7.9678],[93.4122,7.9619],[93.4022,7.9764],[93.4097,8.0071],[93.38,8.0247]]],[[[93.5473,8.0281],[93.5508,7.9962],[93.5325,8.025],[93.5311,8.0064],[93.5183,7.9931],[93.5072,7.9967],[93.5072,7.9847],[93.5775,7.9283],[93.5828,7.9917],[93.5647,8.0236],[93.5473,8.0281]]],[[[93.5786,8.1253],[93.5614,8.1181],[93.5751,8.1098],[93.5692,8.0953],[93.5815,8.0735],[93.5717,8.0664],[93.5928,8.0378],[93.6014,8.05],[93.5786,8.1253]]],[[[93.5265,8.2313],[93.4947,8.2228],[93.4906,8.1989],[93.4539,8.1736],[93.4558,8.145],[93.4647,8.1397],[93.4594,8.1222],[93.4771,8.0915],[93.4894,8.0916],[93.4806,8.0861],[93.485,8.0519],[93.4926,8.0512],[93.4919,8.0622],[93.5144,8.0839],[93.5299,8.0787],[93.5181,8.0469],[93.5111,8.0683],[93.5056,8.0407],[93.5039,8.0478],[93.4997,8.0394],[93.4853,8.0444],[93.4856,8.0167],[93.5008,7.9972],[93.5119,8.0167],[93.5084,8.0338],[93.5253,8.0319],[93.5306,8.0489],[93.5503,8.0361],[93.5483,8.0883],[93.5319,8.0992],[93.5031,8.1482],[93.5108,8.1683],[93.5338,8.1838],[93.5253,8.1714],[93.5453,8.1978],[93.5442,8.225],[93.5265,8.2313]]],[[[93.2353,8.2656],[93.2201,8.2451],[93.2394,8.2208],[93.2517,8.2334],[93.2353,8.2656]]],[[[93.1263,8.3559],[93.0947,8.3392],[93.0833,8.2956],[93.0872,8.2694],[93.1233,8.2208],[93.1611,8.2008],[93.1994,8.1939],[93.2047,8.2156],[93.1543,8.243],[93.1264,8.2764],[93.1434,8.3465],[93.1263,8.3559]]],[[[93.0439,8.4733],[93.0353,8.4486],[93.0575,8.4392],[93.0567,8.4606],[93.0439,8.4733]]],[[[93.616,8.5736],[93.6101,8.5443],[93.6283,8.4886],[93.6184,8.4804],[93.6228,8.4611],[93.6155,8.4561],[93.6229,8.4216],[93.6267,8.4672],[93.6424,8.4685],[93.6319,8.5053],[93.6361,8.5222],[93.6219,8.5317],[93.616,8.5736]]],[[[92.7878,9.2442],[92.7739,9.2561],[92.7789,9.2444],[92.7667,9.2153],[92.7208,9.2136],[92.7183,9.1528],[92.7317,9.1244],[92.7689,9.1276],[92.7894,9.1169],[92.7823,9.1202],[92.8114,9.1236],[92.8168,9.1355],[92.8306,9.1387],[92.8255,9.1921],[92.8569,9.202],[92.8544,9.2092],[92.8243,9.1958],[92.8167,9.2167],[92.7878,9.2442]]],[[[92.5158,10.8976],[92.5068,10.8894],[92.5106,10.8692],[92.5001,10.8908],[92.4569,10.8614],[92.4574,10.84],[92.4269,10.8233],[92.4183,10.7953],[92.3971,10.7809],[92.3972,10.7603],[92.3856,10.79],[92.3761,10.7817],[92.3803,10.6675],[92.3997,10.6611],[92.4206,10.6147],[92.3819,10.5408],[92.3853,10.5322],[92.4347,10.5483],[92.4519,10.5447],[92.4814,10.5183],[92.5131,10.5117],[92.5314,10.5184],[92.5692,10.5783],[92.5444,10.5933],[92.5398,10.6106],[92.5527,10.6378],[92.5829,10.657],[92.5772,10.6739],[92.5968,10.6783],[92.5983,10.7031],[92.5828,10.7425],[92.5878,10.7864],[92.572,10.8028],[92.5605,10.8009],[92.5583,10.8633],[92.5319,10.885],[92.5298,10.8676],[92.5369,10.8657],[92.5303,10.8653],[92.53,10.8869],[92.5158,10.8976]]],[[[92.706,11.2892],[92.6925,11.2808],[92.6969,11.2617],[92.6874,11.2421],[92.7058,11.2631],[92.706,11.2892]]],[[[92.6415,11.5101],[92.632,11.5145],[92.6136,11.4742],[92.6239,11.4073],[92.5871,11.4005],[92.5925,11.3806],[92.5812,11.3667],[92.6019,11.3461],[92.638,11.3463],[92.6532,11.3572],[92.6645,11.3522],[92.6909,11.3703],[92.6935,11.3874],[92.6493,11.4072],[92.6719,11.4157],[92.6858,11.4366],[92.6686,11.49],[92.6415,11.5101]]],[[[92.61,11.5589],[92.6016,11.5535],[92.6105,11.5318],[92.6203,11.5561],[92.61,11.5589]]],[[[92.5972,11.5417],[92.5924,11.5774],[92.583,11.5361],[92.5953,11.5326],[92.5972,11.5417]]],[[[92.2189,11.5923],[92.2072,11.5846],[92.215,11.5739],[92.208,11.5506],[92.2145,11.5295],[92.2604,11.5175],[92.2698,11.5225],[92.2707,11.5841],[92.2189,11.5923]]],[[[92.5398,11.6033],[92.532,11.5951],[92.5302,11.5541],[92.5537,11.5619],[92.5695,11.5889],[92.5455,11.5918],[92.5398,11.6033]]],[[[93.0208,11.8433],[93.012,11.8485],[93.0158,11.8283],[93.05,11.8122],[93.0722,11.8356],[93.0633,11.8448],[93.0356,11.8361],[93.0208,11.8433]]],[[[92.7501,11.9683],[92.7362,11.9532],[92.7458,11.9448],[92.7672,11.9564],[92.7656,11.9651],[92.7501,11.9683]]],[[[92.5961,11.9761],[92.5886,11.9753],[92.5989,11.9278],[92.6094,11.9428],[92.5961,11.9761]]],[[[92.9695,12.0337],[92.9644,12.0492],[92.9507,12.0131],[92.9255,11.9958],[92.9345,11.9847],[92.9596,11.9813],[92.9744,11.9484],[93.0004,11.9502],[92.9947,11.94],[93.0253,11.8882],[93.0427,11.8823],[93.054,11.9032],[93.0072,12.0003],[93.0095,12.0189],[92.9828,12.0434],[92.9695,12.0337]]],[[[92.9914,12.1089],[92.9596,12.1061],[92.9708,12.0883],[92.9606,12.0826],[92.9618,12.0722],[92.9928,12.0436],[93.0014,12.0508],[93.0053,12.1028],[92.9914,12.1089]]],[[[92.9486,12.1158],[92.9519,12.0839],[92.9575,12.1022],[92.9486,12.1158]]],[[[93.0278,12.1569],[93.0275,12.1667],[93.0067,12.1461],[93.0042,12.1133],[92.984,12.1487],[92.9621,12.1506],[92.9556,12.1422],[92.9664,12.1189],[93.0073,12.1072],[93.007,12.0758],[93.0275,12.0681],[93.0455,12.0454],[93.0536,12.0761],[93.0344,12.1003],[93.0278,12.1569]]],[[[93.0686,12.2113],[93.0375,12.1597],[93.0372,12.1334],[93.0491,12.1203],[93.0566,12.1232],[93.0502,12.115],[93.0746,12.0836],[93.0908,12.1],[93.0877,12.13],[93.095,12.1424],[93.0838,12.1555],[93.0866,12.1931],[93.0686,12.2113]]],[[[92.7009,12.2356],[92.6894,12.2354],[92.6783,12.2039],[92.6741,12.218],[92.6576,12.1824],[92.6622,12.2159],[92.6236,12.1028],[92.6206,12.0529],[92.6278,12.0433],[92.6197,12.0412],[92.6131,12.0066],[92.606,11.9234],[92.611,11.8713],[92.6037,11.8585],[92.6016,11.8972],[92.5868,11.8875],[92.5803,11.9241],[92.5624,11.9465],[92.555,11.9254],[92.5345,11.9118],[92.5135,11.848],[92.523,11.8256],[92.5367,11.8386],[92.5422,11.8287],[92.5464,11.8349],[92.5408,11.8198],[92.5489,11.8165],[92.5593,11.7731],[92.5523,11.7213],[92.5613,11.6952],[92.5725,11.6992],[92.5744,11.7156],[92.5881,11.7179],[92.5997,11.6908],[92.5914,11.6689],[92.6084,11.634],[92.6316,11.6287],[92.6318,11.6509],[92.6344,11.6348],[92.6444,11.6363],[92.6361,11.6156],[92.6279,11.6258],[92.6244,11.6176],[92.6082,11.6197],[92.6179,11.5628],[92.6332,11.5792],[92.6473,11.5724],[92.6469,11.522],[92.6672,11.5039],[92.6784,11.5114],[92.6991,11.5065],[92.7113,11.4773],[92.7279,11.5162],[92.7238,11.53],[92.7407,11.5926],[92.7529,11.6096],[92.7462,11.64],[92.7578,11.6506],[92.7567,11.6651],[92.7215,11.6863],[92.7161,11.6648],[92.73,11.6596],[92.7106,11.6523],[92.7118,11.6438],[92.6951,11.6529],[92.6946,11.6227],[92.6877,11.6406],[92.6737,11.6252],[92.6662,11.6539],[92.683,11.6505],[92.6929,11.6682],[92.7082,11.6701],[92.7009,11.677],[92.707,11.6991],[92.6956,11.7005],[92.7019,11.7071],[92.7119,11.6951],[92.7182,11.706],[92.7407,11.6901],[92.7438,11.7131],[92.7551,11.7011],[92.7861,11.8552],[92.7881,11.8839],[92.7789,11.8921],[92.7886,11.9012],[92.7845,11.9361],[92.7466,11.9321],[92.7334,11.9058],[92.7318,11.8571],[92.7182,11.8245],[92.6925,11.8088],[92.6799,11.8188],[92.7075,11.8167],[92.7243,11.8505],[92.7253,11.9274],[92.7144,11.933],[92.719,11.9615],[92.733,11.9688],[92.7238,11.975],[92.7279,11.9944],[92.7387,11.9975],[92.7339,11.978],[92.7484,11.9776],[92.7572,11.9884],[92.743,11.9936],[92.7688,11.999],[92.766,12.0116],[92.7527,12.0025],[92.7469,12.0172],[92.7366,12.0159],[92.7392,12.0409],[92.7619,12.0206],[92.7786,12.0242],[92.7836,12.0469],[92.7522,12.0547],[92.7581,12.0649],[92.7433,12.0742],[92.7353,12.0653],[92.7362,12.1066],[92.7575,12.1764],[92.7212,12.1803],[92.7136,12.1653],[92.713,12.1756],[92.7037,12.1654],[92.7125,12.1901],[92.7009,12.2356]]],[[[92.7306,12.2425],[92.7223,12.2333],[92.7234,12.1888],[92.7637,12.1822],[92.7623,12.2294],[92.7451,12.2266],[92.7398,12.2358],[92.7448,12.2102],[92.7393,12.2236],[92.7329,12.2103],[92.7306,12.2425]]],[[[92.9017,12.2559],[92.8877,12.252],[92.8845,12.2392],[92.8786,12.2481],[92.8708,12.2447],[92.8792,12.2083],[92.8917,12.2339],[92.9133,12.2228],[92.9017,12.2559]]],[[[93.0778,12.2619],[93.0633,12.2292],[93.0931,12.2244],[93.101,12.204],[93.106,12.2602],[93.0867,12.2372],[93.0778,12.2619]]],[[[92.7501,12.2877],[92.7395,12.2821],[92.7348,12.2485],[92.7501,12.2877]]],[[[92.7114,12.2961],[92.7046,12.2981],[92.7015,12.2674],[92.7107,12.2303],[92.7239,12.2914],[92.7114,12.2961]]],[[[92.9414,12.2808],[92.9333,12.2889],[92.9344,12.3106],[92.9273,12.281],[92.9132,12.2929],[92.9015,12.2882],[92.9015,12.2715],[92.9213,12.2649],[92.9221,12.231],[92.9414,12.2808]]],[[[92.7766,12.3103],[92.7675,12.2981],[92.7751,12.3011],[92.7817,12.2851],[92.7649,12.2639],[92.7506,12.2741],[92.7423,12.2455],[92.7514,12.2325],[92.7699,12.2369],[92.7674,12.1852],[92.7392,12.0953],[92.7414,12.0784],[92.7647,12.0633],[92.7927,12.0811],[92.7884,12.1025],[92.8125,12.1069],[92.8023,12.1308],[92.8149,12.1324],[92.8261,12.1538],[92.8226,12.1655],[92.8506,12.1573],[92.8552,12.189],[92.8466,12.1977],[92.8538,12.2038],[92.8805,12.1951],[92.8589,12.2458],[92.8893,12.2659],[92.8831,12.2634],[92.8797,12.2778],[92.8867,12.2867],[92.8697,12.2903],[92.8664,12.3056],[92.8303,12.3003],[92.81,12.3128],[92.7964,12.3039],[92.7766,12.3103]]],[[[93.8397,12.3208],[93.829,12.3123],[93.8506,12.2869],[93.8242,12.3075],[93.8148,12.2853],[93.8267,12.2449],[93.8502,12.2694],[93.832,12.2412],[93.8617,12.2338],[93.8625,12.266],[93.8681,12.2336],[93.8807,12.2366],[93.8753,12.2881],[93.8577,12.2931],[93.8397,12.3208]]],[[[92.8529,12.4088],[92.8444,12.395],[92.8669,12.3778],[92.8801,12.3833],[92.884,12.3742],[92.8942,12.399],[92.8888,12.4076],[92.8811,12.3983],[92.8529,12.4088]]],[[[92.9554,12.4147],[92.9563,12.4355],[92.9491,12.4146],[92.9325,12.4185],[92.9193,12.3646],[92.9323,12.3594],[92.9437,12.4029],[92.9554,12.4147]]],[[[92.711,12.829],[92.6945,12.7971],[92.7094,12.7741],[92.7078,12.7204],[92.718,12.7189],[92.7189,12.7503],[92.7233,12.7425],[92.7255,12.7487],[92.7122,12.7776],[92.711,12.829]]],[[[92.7286,12.8644],[92.7203,12.8644],[92.71,12.8336],[92.7186,12.8353],[92.7286,12.8644]]],[[[92.8989,12.9158],[92.8971,12.9267],[92.896,12.8988],[92.8724,12.8924],[92.8731,12.8811],[92.8417,12.8756],[92.8422,12.891],[92.8306,12.8847],[92.811,12.8975],[92.7919,12.8899],[92.7932,12.863],[92.7829,12.8605],[92.7814,12.8481],[92.7803,12.8625],[92.7694,12.8613],[92.7822,12.8075],[92.7614,12.8592],[92.7435,12.8245],[92.7404,12.8358],[92.7378,12.8103],[92.7321,12.8349],[92.7239,12.8271],[92.7211,12.7881],[92.7307,12.7445],[92.7461,12.7225],[92.743,12.6994],[92.728,12.6928],[92.7329,12.6744],[92.7689,12.6721],[92.7844,12.6938],[92.7792,12.7131],[92.7874,12.7072],[92.7886,12.674],[92.7804,12.6535],[92.7854,12.6192],[92.7771,12.6671],[92.7533,12.6708],[92.7343,12.6568],[92.7361,12.64],[92.7247,12.6267],[92.7154,12.6435],[92.7042,12.6075],[92.6869,12.6156],[92.6846,12.6088],[92.7075,12.5969],[92.7089,12.5567],[92.6942,12.5157],[92.7086,12.4934],[92.6995,12.4675],[92.7066,12.4513],[92.6981,12.4214],[92.7056,12.3705],[92.6994,12.3285],[92.7088,12.3284],[92.7204,12.3003],[92.736,12.3087],[92.736,12.3008],[92.7548,12.2957],[92.7715,12.3197],[92.7951,12.3061],[92.8097,12.3149],[92.8324,12.3026],[92.8951,12.3203],[92.8797,12.3335],[92.8822,12.3444],[92.8961,12.3358],[92.89,12.3504],[92.8601,12.3622],[92.8386,12.395],[92.8303,12.4278],[92.7946,12.4376],[92.7985,12.4642],[92.7911,12.4697],[92.8003,12.4644],[92.7965,12.438],[92.865,12.4258],[92.8754,12.4136],[92.8856,12.4232],[92.899,12.4156],[92.8883,12.4343],[92.849,12.4586],[92.8347,12.4948],[92.8542,12.4577],[92.8696,12.4461],[92.8858,12.454],[92.8782,12.4447],[92.909,12.4211],[92.9065,12.4076],[92.9141,12.4058],[92.9236,12.4355],[92.9153,12.4437],[92.9418,12.4495],[92.9579,12.4677],[92.9529,12.4763],[92.9311,12.4658],[92.9321,12.4807],[92.9466,12.4988],[92.9591,12.4867],[92.9684,12.4967],[92.9755,12.5419],[92.9575,12.593],[92.9569,12.6228],[92.9631,12.6985],[92.9709,12.711],[92.9805,12.7097],[92.9658,12.723],[92.9625,12.7529],[92.9498,12.7698],[92.9342,12.7738],[92.9542,12.8066],[92.9414,12.8551],[92.9295,12.8592],[92.9278,12.8842],[92.9051,12.885],[92.9219,12.9122],[92.8989,12.9158]]],[[[92.6957,12.992],[92.6698,12.9625],[92.6687,12.9505],[92.6804,12.9481],[92.6701,12.918],[92.6369,12.9195],[92.6366,12.9133],[92.6706,12.9123],[92.6645,12.8806],[92.6299,12.8827],[92.6632,12.8791],[92.6482,12.8612],[92.6687,12.7825],[92.6751,12.8073],[92.689,12.8167],[92.6848,12.8295],[92.676,12.8234],[92.6754,12.8359],[92.7012,12.8412],[92.7195,12.8742],[92.7087,12.8839],[92.7179,12.8806],[92.7215,12.8883],[92.7218,12.945],[92.7145,12.9423],[92.7199,12.9784],[92.6957,12.992]]],[[[93.0067,12.9969],[92.9859,12.9934],[92.9889,12.9845],[92.9722,12.9691],[92.9597,12.9889],[92.9525,12.9797],[92.9631,12.9683],[92.9547,12.96],[92.9728,12.9548],[92.9742,12.9453],[92.96,12.9495],[92.9519,12.9405],[92.9695,12.9445],[92.9817,12.9333],[92.9881,12.9556],[92.9795,12.967],[93.0067,12.9969]]],[[[92.9264,13.0242],[92.9158,13.0147],[92.9208,13.0011],[92.9417,12.9953],[92.94,13.0253],[92.9264,13.0242]]],[[[94.2733,13.4644],[94.2633,13.4644],[94.2494,13.4462],[94.2558,13.4303],[94.275,13.4406],[94.2733,13.4644]]],[[[93.0294,13.5733],[93.0269,13.5792],[93.0161,13.5706],[93.0103,13.542],[92.9878,13.5731],[92.9808,13.5522],[92.9922,13.5361],[92.9881,13.5275],[92.9764,13.5278],[92.9647,13.5444],[92.9175,13.5364],[92.9142,13.5261],[92.9278,13.5203],[92.9297,13.5022],[92.9037,13.4972],[92.8989,13.4761],[92.8717,13.4714],[92.8842,13.4297],[92.8703,13.4248],[92.8745,13.408],[92.8678,13.4022],[92.8514,13.4117],[92.8431,13.4022],[92.8467,13.3903],[92.8669,13.3856],[92.8506,13.3708],[92.8394,13.3747],[92.8264,13.3272],[92.8314,13.3156],[92.8217,13.3097],[92.8422,13.3019],[92.8386,13.2869],[92.8247,13.2886],[92.8225,13.2772],[92.8269,13.2658],[92.8544,13.2572],[92.85,13.2394],[92.8278,13.2367],[92.8244,13.2175],[92.8317,13.2133],[92.8183,13.2017],[92.8189,13.1839],[92.8356,13.1739],[92.8153,13.1744],[92.8097,13.1531],[92.8475,13.1392],[92.8422,13.1275],[92.8228,13.1336],[92.81,13.1269],[92.8253,13.1144],[92.8222,13.0964],[92.8078,13.0994],[92.8103,13.0753],[92.7967,13.0894],[92.7883,13.0192],[92.8064,13.0067],[92.8251,13.0127],[92.8087,12.9978],[92.8183,12.9868],[92.7941,12.9856],[92.7917,12.9563],[92.8016,12.939],[92.7942,12.9144],[92.8025,12.8991],[92.8246,12.8968],[92.83,12.8862],[92.8428,12.8919],[92.8417,12.8766],[92.8729,12.8832],[92.8763,12.9083],[92.8589,12.9034],[92.8544,12.9274],[92.8771,12.9444],[92.8823,12.9827],[92.897,12.995],[92.9071,12.9848],[92.9123,12.9465],[92.9385,12.9713],[92.9331,12.9893],[92.9191,12.9867],[92.916,13.0006],[92.9081,13],[92.9017,13.0218],[92.9161,13.0545],[92.8981,13.058],[92.8882,13.0456],[92.8944,13.0567],[92.9149,13.0703],[92.9221,13.0567],[92.9344,13.0607],[92.9367,13.0847],[92.9431,13.055],[92.9348,13.0428],[92.9598,13.0151],[92.9746,13.0129],[92.9656,13.0348],[92.9824,13.024],[92.9949,13.0353],[93.0033,13.0282],[93.0349,13.081],[93.0322,13.1789],[93.0667,13.2725],[93.0458,13.2592],[93.0461,13.2819],[93.0125,13.2767],[93.0127,13.2954],[93.0219,13.2953],[93.0068,13.3093],[93.0095,13.32],[92.9995,13.3107],[92.9648,13.3245],[92.9505,13.3439],[92.9702,13.3602],[92.9868,13.329],[93.0033,13.3533],[93.0328,13.3453],[93.0417,13.3672],[93.0399,13.323],[93.06,13.3292],[93.0658,13.3031],[93.0761,13.3292],[93.0906,13.3359],[93.0717,13.3475],[93.0553,13.3822],[93.0283,13.3732],[93.0486,13.3744],[93.0526,13.3911],[93.0673,13.3953],[93.0708,13.4061],[93.0597,13.3992],[93.0614,13.4211],[93.0453,13.4039],[93.0364,13.4167],[93.0407,13.4264],[93.0211,13.4311],[93.0347,13.4353],[93.0336,13.457],[93.0186,13.4647],[93.0342,13.4664],[93.045,13.5253],[93.0294,13.5733]]],[[[93.0639,13.6542],[93.0425,13.6369],[93.047,13.6208],[93.0639,13.6542]]],[[[93.0158,13.6761],[92.9822,13.6656],[92.9767,13.655],[92.9864,13.6428],[93.0008,13.6494],[93.0147,13.6439],[93.0278,13.6269],[93.0158,13.6761]]],[[[93.2244,14.0158],[93.2231,13.9716],[93.2324,13.9822],[93.2244,14.0158]]],[[[93.3662,14.1564],[93.3533,14.1458],[93.3639,14.0975],[93.3523,14.0769],[93.3643,14.0587],[93.3781,14.1208],[93.3694,14.1411],[93.3786,14.1478],[93.3662,14.1564]]],[[[93.6414,14.9025],[93.6253,14.8981],[93.6129,14.8737],[93.6119,14.8356],[93.6225,14.8653],[93.6364,14.8743],[93.6414,14.9025]]],[[[80.149,13.6185],[80.139,13.6071],[80.1204,13.6057],[80.1265,13.5885],[80.1249,13.6015],[80.1582,13.591],[80.1265,13.5849],[80.1399,13.5671],[80.1418,13.5449],[80.1676,13.5899],[80.1612,13.6071],[80.1465,13.6107],[80.149,13.6185]]],[[[81.5418,16.3554],[81.5132,16.3501],[81.5451,16.3482],[81.5418,16.3554]]],[[[82.2995,16.7143],[82.3118,16.7335],[82.3429,16.7379],[82.3657,16.9021],[82.3582,16.9626],[82.3449,16.9827],[82.3243,16.9887],[82.3593,16.9443],[82.3635,16.909],[82.3543,16.8515],[82.3257,16.8554],[82.3118,16.8401],[82.3026,16.8643],[82.2865,16.8771],[82.2824,16.8651],[82.2821,16.8774],[82.2562,16.8865],[82.249,16.9304],[82.2718,16.941],[82.2726,16.9668],[82.2838,16.9715],[82.2763,16.9818],[82.2857,16.9832],[82.2787,16.994],[82.2976,17.0329],[82.3657,17.1046],[82.3679,17.1182],[82.3696,17.1068],[82.4776,17.2049],[82.6085,17.2893],[82.6076,17.2962],[82.8699,17.4157],[82.8796,17.4363],[82.8779,17.4201],[82.9907,17.4724],[83.0082,17.4996],[83.0335,17.5138],[83.1629,17.5615],[83.2138,17.5912],[83.2382,17.6118],[83.2354,17.629],[83.2954,17.6751],[83.2982,17.6865],[83.2824,17.6876],[83.2635,17.711],[83.2724,17.7121],[83.2824,17.6893],[83.3012,17.696],[83.3065,17.6882],[83.3065,17.7021],[83.3446,17.7251],[83.349,17.7507],[83.4101,17.8104],[83.416,17.8337],[83.4099,17.8435],[83.4546,17.8876],[83.4576,17.921],[83.4604,17.9046],[83.5296,17.9493],[83.559,17.9835],[83.5726,18.0182],[83.7188,18.1135],[83.8626,18.1757],[83.8893,18.1968],[83.9507,18.2168],[84.1246,18.3093],[84.1257,18.3515],[84.1371,18.3493],[84.1901,18.4149],[84.356,18.5565],[84.3557,18.5632],[84.339,18.5507],[84.3412,18.5579],[84.3549,18.5643],[84.3776,18.606],[84.4407,18.664],[84.441,18.6801],[84.4657,18.7129],[84.5535,18.7918],[84.5571,18.8174],[84.5765,18.8371],[84.5826,18.8763],[84.5896,18.8729],[84.6693,18.9515],[84.6832,18.9676],[84.6679,18.9571],[84.6648,18.966],[84.6876,18.9724],[84.746,19.0482],[84.7835,19.1107],[84.7593,19.1007],[84.751,19.0821],[84.7474,19.0907],[84.7226,19.0896],[84.7029,19.1187],[84.7226,19.1399],[84.7446,19.1446],[84.7504,19.1365],[84.7463,19.1212],[84.7335,19.1221],[84.7382,19.1126],[84.7254,19.0965],[84.7457,19.1176],[84.7824,19.1132],[84.8238,19.1735],[84.9124,19.2593],[84.9057,19.2696],[84.9196,19.2651],[84.9976,19.3276],[85.0647,19.3644],[85.1218,19.4292],[85.2864,19.5481],[85.4192,19.6231],[85.6636,19.7392],[85.7798,19.785],[85.9081,19.8179],[85.905,19.8322],[85.9103,19.8206],[86.0451,19.8469],[86.0341,19.8539],[86.0237,19.8442],[86.035,19.8553],[86.0951,19.8599],[86.228,19.9009],[86.2172,19.9117],[86.208,19.9047],[86.225,19.9175],[86.2225,19.9256],[86.2278,19.9036],[86.2416,19.922],[86.2474,19.9112],[86.2961,19.9355],[86.3627,19.9528],[86.3424,19.9695],[86.3169,19.9497],[86.341,19.9724],[86.3027,19.9835],[86.3217,19.9856],[86.2949,20.0244],[86.265,20.0169],[86.2367,20.027],[86.2499,20.0553],[86.2692,20.0628],[86.2872,20.0497],[86.2905,20.061],[86.3274,20.0307],[86.3422,19.9864],[86.3738,19.98],[86.3822,19.9956],[86.3778,19.9789],[86.3875,19.9764],[86.4111,20],[86.4117,20.0364],[86.415,20.0303],[86.4186,20.0483],[86.4272,20.0497],[86.4118,20.0555],[86.4368,20.061],[86.4839,20.1103],[86.5225,20.1714],[86.5589,20.2003],[86.5056,20.1664],[86.4889,20.1431],[86.4892,20.1214],[86.4875,20.1406],[86.4639,20.1147],[86.4714,20.0975],[86.4622,20.1147],[86.48,20.1258],[86.4842,20.1417],[86.4746,20.1414],[86.4911,20.1578],[86.485,20.17],[86.466,20.146],[86.46,20.1622],[86.4683,20.1472],[86.4744,20.1692],[86.4925,20.1733],[86.4975,20.1903],[86.4936,20.1817],[86.5097,20.1772],[86.5536,20.21],[86.6797,20.2581],[86.6664,20.2733],[86.6711,20.2822],[86.68,20.2633],[86.7181,20.2878],[86.7086,20.2925],[86.7117,20.3006],[86.7692,20.3311],[86.7889,20.3697],[86.7786,20.3547],[86.7861,20.3769],[86.7642,20.3664],[86.7817,20.3822],[86.7797,20.3917],[86.7661,20.3983],[86.7567,20.3886],[86.7567,20.3992],[86.74,20.3942],[86.7492,20.4056],[86.7294,20.4049],[86.7339,20.4792],[86.7436,20.4686],[86.7533,20.4975],[86.7728,20.5061],[86.7922,20.5441],[86.885,20.6044],[86.885,20.6164],[86.8881,20.6064],[87.0452,20.7095],[87,20.6953],[86.9872,20.6982],[87.0055,20.7001],[86.97,20.7088],[86.9339,20.7107],[86.9025,20.6978],[86.8451,20.6508],[86.8285,20.6723],[86.8022,20.6752],[86.7967,20.6652],[86.8141,20.6637],[86.8206,20.6396],[86.7736,20.6453],[86.7686,20.6222],[86.7557,20.6133],[86.7944,20.6972],[86.8156,20.7228],[86.8128,20.7483],[86.8278,20.7717],[86.8814,20.7975],[86.9556,20.7844],[86.9642,20.7944],[86.9703,20.8261],[86.9592,20.8642],[86.9173,20.9398],[86.8889,21.0164],[86.8439,21.0817],[86.8233,21.1383],[86.8283,21.1769],[86.8186,21.1781],[86.9108,21.3403],[86.9811,21.4108],[87.0625,21.4614],[87.0614,21.4733],[87.0457,21.469],[87.0442,21.4753],[87.0736,21.4711],[87.09,21.4844],[87.1139,21.5083],[87.1069,21.5177],[87.1236,21.5214],[87.1297,21.5129],[87.2009,21.5485],[87.3039,21.5557],[87.3878,21.5475],[87.3864,21.5666],[87.405,21.5567],[87.4639,21.6064],[87.553,21.6361],[87.6301,21.6467],[87.6436,21.66],[87.65,21.6486],[87.6778,21.6539],[87.7397,21.6783],[87.7511,21.6989],[87.7775,21.6936],[87.8044,21.7025],[87.8308,21.7342],[87.8928,21.78],[87.8892,21.793],[87.9289,21.8003],[87.9761,21.8511],[88.0522,22.0075],[88.0178,22.0403],[88.0081,22.0736],[87.9817,22.0988],[87.9595,22.0997],[87.9919,22.1025],[88.0319,22.0639],[88.0269,22.0478],[88.0622,22.0131],[88.1562,22.0648],[88.1889,22.0992],[88.1933,22.1128],[88.1356,22.1847],[88.0731,22.1872],[88.0347,22.2094],[88.0231,22.1994],[88.0086,22.2014],[87.9808,22.2164],[87.9707,22.2377],[87.94,22.2603],[87.9308,22.3333],[87.94,22.33],[87.9364,22.3167],[87.9458,22.3281],[87.9481,22.3464],[87.9367,22.3561],[87.9436,22.355],[87.9417,22.3681],[87.9297,22.4036],[87.9125,22.4217],[87.8939,22.4242],[87.8838,22.4416],[87.9233,22.435],[87.9464,22.4061],[87.9575,22.3577],[87.9587,22.2847],[87.9853,22.2453],[88.0261,22.2225],[88.0492,22.22],[88.0753,22.2528],[88.0887,22.3031],[88.105,22.3047],[88.0697,22.2119],[88.1656,22.1989],[88.2031,22.1669],[88.2239,22.0753],[88.2078,22.0225],[88.1538,21.9596],[88.1772,21.9261],[88.1633,21.8794],[88.2092,21.8019],[88.2172,21.7644],[88.2739,21.7546],[88.2638,21.7306],[88.2725,21.7309],[88.2827,21.7576],[88.2543,21.7833],[88.2517,21.8019],[88.2561,21.7831],[88.2822,21.7613],[88.2591,21.8079],[88.3056,21.8303],[88.3138,21.8459],[88.2993,21.8594],[88.2581,21.8594],[88.2549,21.8713],[88.2664,21.8836],[88.256,21.8704],[88.262,21.8587],[88.3006,21.8613],[88.3098,21.8777],[88.3013,21.8614],[88.3089,21.8564],[88.3532,21.8569],[88.3692,21.8966],[88.3565,21.9243],[88.3706,21.8961],[88.3549,21.8557],[88.3547,21.8235],[88.364,21.7978],[88.3816,21.7916],[88.3907,21.799],[88.3858,21.8394],[88.3975,21.8853],[88.3828,21.9007],[88.4064,21.9198],[88.3928,21.9369],[88.3981,21.9522],[88.3744,21.9628],[88.3758,21.9697],[88.3943,21.9707],[88.3739,21.9653],[88.3988,21.9531],[88.3942,21.9368],[88.4078,21.9195],[88.3847,21.8992],[88.4087,21.8853],[88.4197,21.9066],[88.433,21.9028],[88.4585,21.9188],[88.4513,21.9415],[88.4691,21.9573],[88.4453,21.9642],[88.4416,21.9911],[88.4609,22.0116],[88.4437,21.9912],[88.4459,21.966],[88.4702,21.9589],[88.4529,21.9395],[88.4622,21.9228],[88.4556,21.8999],[88.4736,21.8953],[88.4832,21.91],[88.5207,21.9154],[88.522,21.9387],[88.4914,21.9662],[88.5171,21.9886],[88.5417,21.982],[88.5546,22.0357],[88.5427,21.9813],[88.5191,21.9882],[88.4937,21.9671],[88.5255,21.9302],[88.4945,21.8786],[88.5281,21.8531],[88.5478,21.8812],[88.5406,21.9039],[88.5703,21.9032],[88.5488,21.9218],[88.5462,21.9735],[88.5582,21.9729],[88.5678,21.9589],[88.5564,21.9728],[88.5436,21.97],[88.5503,21.9214],[88.5725,21.9072],[88.5864,21.9281],[88.5728,21.9056],[88.5783,21.8894],[88.6086,21.9161],[88.6014,21.9353],[88.6149,21.937],[88.5983,21.9689],[88.6144,22.0197],[88.5999,22.0236],[88.605,22.0476],[88.596,22.0656],[88.6018,22.0732],[88.6045,22.023],[88.6178,22.0211],[88.6367,22.0453],[88.6276,22.0537],[88.62,22.1045],[88.6072,22.1072],[88.5977,22.1302],[88.6034,22.1591],[88.5817,22.1695],[88.5764,22.1974],[88.5831,22.1697],[88.6049,22.1592],[88.5989,22.1297],[88.6098,22.1079],[88.6193,22.1088],[88.6297,22.1453],[88.6327,22.1366],[88.6404,22.1435],[88.6395,22.1575],[88.6725,22.2012],[88.6393,22.2081],[88.6309,22.222],[88.6792,22.2939],[88.6663,22.3392],[88.6711,22.3258],[88.6906,22.3267],[88.6789,22.3231],[88.6847,22.2934],[88.6581,22.2394],[88.635,22.2164],[88.6656,22.2175],[88.7336,22.1956],[88.7428,22.2],[88.74,22.2147],[88.7464,22.2031],[88.7436,22.2292],[88.7908,22.2597],[88.7927,22.2762],[88.8047,22.2832],[88.8105,22.3166],[88.8026,22.329],[88.8189,22.3636],[88.8763,22.3553],[88.8461,22.3883],[88.856,22.4059],[88.8483,22.4306],[88.8194,22.4303],[88.8025,22.4434],[88.7776,22.5069],[88.7523,22.5156],[88.7339,22.5099],[88.7078,22.5277],[88.6893,22.524],[88.6722,22.5494],[88.6774,22.5935],[88.6736,22.55],[88.6909,22.5242],[88.7019,22.5306],[88.7338,22.5109],[88.7689,22.5136],[88.7828,22.5247],[88.7644,22.5278],[88.7664,22.5608],[88.7657,22.5342],[88.7842,22.525],[88.7717,22.5134],[88.8116,22.4814],[88.8142,22.4564],[88.8296,22.4472],[88.8245,22.4361],[88.8524,22.4328],[88.8596,22.4456],[88.8511,22.475],[88.8653,22.4875],[88.8428,22.5079],[88.8671,22.5234],[88.8689,22.5458],[88.8787,22.5447],[88.8958,22.5631],[88.9376,22.5699],[88.937,22.5942],[88.9577,22.6108],[88.9573,22.6179],[88.9326,22.6187],[88.9103,22.675],[88.8638,22.6637],[88.8613,22.6942],[88.8483,22.6908],[88.847,22.7067],[88.8087,22.7097],[88.8058,22.7336],[88.8089,22.7534],[88.8266,22.7387],[88.8352,22.7468],[88.84,22.7356],[88.8468,22.7501],[88.8325,22.7539],[88.8482,22.751],[88.8394,22.7349],[88.8342,22.7455],[88.8257,22.7376],[88.8087,22.7507],[88.8091,22.7117],[88.848,22.709],[88.8493,22.6932],[88.864,22.694],[88.8654,22.6647],[88.9081,22.6785],[88.9319,22.6456],[88.9594,22.6889],[88.9208,22.7339],[88.9192,22.7617],[88.935,22.7833],[88.9584,22.7942],[88.9676,22.8425],[88.946,22.8774],[88.9326,22.868],[88.9093,22.8774],[88.9034,22.9039],[88.9139,22.9186],[88.897,22.9267],[88.8954,22.9505],[88.8615,22.9552],[88.868,22.9896],[88.8467,23.0024],[88.8734,23.0043],[88.8793,23.0394],[88.8665,23.0689],[88.8696,23.0954],[88.9209,23.1261],[88.9373,23.1683],[88.9616,23.1899],[88.982,23.1813],[88.9947,23.2124],[88.9796,23.2221],[88.9518,23.2025],[88.9192,23.2083],[88.9135,23.23],[88.8528,23.2246],[88.8378,23.2379],[88.8226,23.2327],[88.8309,23.2447],[88.8179,23.251],[88.808,23.2434],[88.8141,23.2166],[88.7967,23.2156],[88.7837,23.2185],[88.7682,23.2395],[88.7471,23.2374],[88.7211,23.252],[88.7237,23.2696],[88.6974,23.2965],[88.7097,23.3086],[88.7228,23.299],[88.727,23.3168],[88.7461,23.3098],[88.7336,23.3463],[88.7623,23.3618],[88.7529,23.3896],[88.7574,23.419],[88.7653,23.4428],[88.7802,23.4358],[88.7914,23.4422],[88.7884,23.4649],[88.7996,23.4772],[88.7985,23.4949],[88.7794,23.4977],[88.7705,23.4798],[88.7429,23.4808],[88.7274,23.5083],[88.6954,23.5175],[88.6843,23.539],[88.6592,23.5527],[88.6387,23.5933],[88.6449,23.6081],[88.5809,23.6007],[88.5924,23.6366],[88.5617,23.6421],[88.5738,23.6677],[88.5642,23.7148],[88.5788,23.7653],[88.5593,23.7841],[88.5803,23.788],[88.5922,23.8007],[88.5867,23.8123],[88.6017,23.8169],[88.576,23.8598],[88.618,23.8756],[88.6294,23.8618],[88.6586,23.8681],[88.6669,23.884],[88.7038,23.8988],[88.7021,23.9129],[88.7315,23.913],[88.7423,23.9359],[88.735,23.9782],[88.771,23.9848],[88.7587,24.0082],[88.7272,23.9945],[88.7392,24.0346],[88.7233,24.0525],[88.7376,24.0594],[88.7224,24.0658],[88.7256,24.0959],[88.7,24.0949],[88.6947,24.1134],[88.7102,24.1189],[88.6995,24.166],[88.7172,24.2002],[88.732,24.1974],[88.7376,24.2675],[88.7262,24.2924],[88.6969,24.312],[88.6298,24.3061],[88.6256,24.3149],[88.604,24.3109],[88.5697,24.3275],[88.555,24.2965],[88.5287,24.3442],[88.5072,24.3447],[88.4484,24.377],[88.4269,24.382],[88.3668,24.3729],[88.333,24.3832],[88.2752,24.4387],[88.2,24.4606],[88.1758,24.4903],[88.1479,24.5056],[88.1038,24.5489],[88.0461,24.6374],[88.0106,24.6667],[88.0647,24.7214],[88.0738,24.7412],[88.0706,24.7694],[88.0898,24.7825],[88.1059,24.7794],[88.1074,24.8045],[88.1225,24.8216],[88.1361,24.8053],[88.135,24.8318],[88.1476,24.8502],[88.1625,24.8485],[88.1756,24.861],[88.1622,24.8679],[88.155,24.8866],[88.1706,24.8902],[88.1406,24.9173],[88.1397,24.9361],[88.1547,24.9334],[88.18,24.9539],[88.228,24.9594],[88.2636,24.9183],[88.2638,24.8755],[88.2774,24.8957],[88.2794,24.8873],[88.3004,24.8851],[88.3043,24.8704],[88.3227,24.8816],[88.3251,24.8659],[88.3479,24.8922],[88.3263,24.9107],[88.3417,24.939],[88.3634,24.9514],[88.3845,24.9378],[88.4015,24.9457],[88.3975,24.9691],[88.4174,24.974],[88.4136,24.9936],[88.4244,25.0069],[88.4365,25.0065],[88.4538,25.0356],[88.4365,25.0502],[88.4529,25.0793],[88.4428,25.1263],[88.4626,25.142],[88.4584,25.1648],[88.4448,25.1768],[88.4458,25.1963],[88.4715,25.1979],[88.4777,25.2133],[88.4997,25.2117],[88.5367,25.2008],[88.5357,25.1905],[88.5593,25.1941],[88.5586,25.1794],[88.5658,25.1777],[88.6139,25.2054],[88.6704,25.2007],[88.6822,25.2101],[88.7092,25.2096],[88.7324,25.2006],[88.752,25.1778],[88.773,25.191],[88.7778,25.1804],[88.8038,25.1723],[88.8449,25.2112],[88.8658,25.2012],[88.8769,25.1811],[88.8976,25.1845],[88.923,25.1671],[88.9298,25.185],[88.9474,25.184],[88.9349,25.2182],[88.9589,25.2196],[88.9512,25.2413],[88.9566,25.2593],[88.9855,25.2794],[89.007,25.2753],[89.0113,25.2943],[88.9893,25.2958],[88.983,25.3059],[88.9448,25.3018],[88.937,25.3112],[88.9256,25.3036],[88.9065,25.3356],[88.8912,25.3333],[88.8886,25.3225],[88.8718,25.3481],[88.8437,25.3624],[88.845,25.392],[88.8169,25.4082],[88.837,25.4251],[88.8287,25.4409],[88.8421,25.4534],[88.8391,25.4696],[88.8319,25.4854],[88.8146,25.4871],[88.8104,25.5198],[88.7822,25.5127],[88.7629,25.5213],[88.7691,25.4923],[88.743,25.486],[88.7388,25.5022],[88.7111,25.497],[88.7101,25.4793],[88.6989,25.47],[88.6498,25.477],[88.648,25.495],[88.6246,25.4953],[88.6094,25.5132],[88.598,25.5039],[88.5533,25.5177],[88.5429,25.5066],[88.5337,25.5401],[88.5233,25.5331],[88.4966,25.5578],[88.5,25.5813],[88.4726,25.5811],[88.4464,25.597],[88.4582,25.6279],[88.4567,25.6605],[88.4071,25.6693],[88.4065,25.6825],[88.375,25.6949],[88.3786,25.7126],[88.3261,25.7351],[88.3193,25.7507],[88.2718,25.7799],[88.2699,25.8081],[88.2389,25.8068],[88.2338,25.7948],[88.2204,25.7981],[88.2085,25.7854],[88.1863,25.7988],[88.1517,25.7738],[88.1416,25.7938],[88.1171,25.7967],[88.1202,25.8102],[88.1111,25.8133],[88.1046,25.8258],[88.1111,25.8381],[88.1029,25.8414],[88.1153,25.8498],[88.1084,25.8896],[88.0926,25.8936],[88.0994,25.898],[88.0868,25.9125],[88.0937,25.9296],[88.1135,25.9358],[88.1287,25.9669],[88.125,25.9772],[88.1468,26.0007],[88.144,26.0118],[88.1871,26.0241],[88.1733,26.0316],[88.1728,26.0456],[88.1813,26.0466],[88.1862,26.0687],[88.1718,26.0829],[88.161,26.078],[88.1677,26.0835],[88.1616,26.0946],[88.1809,26.1235],[88.1804,26.1457],[88.1974,26.1509],[88.1987,26.1609],[88.2294,26.1673],[88.2498,26.1893],[88.2762,26.1866],[88.2937,26.2009],[88.3203,26.2012],[88.3525,26.22],[88.3607,26.2402],[88.3519,26.2448],[88.3518,26.2816],[88.3894,26.3137],[88.4161,26.316],[88.407,26.3304],[88.4381,26.337],[88.4579,26.3738],[88.4621,26.3598],[88.487,26.3492],[88.4903,26.3598],[88.5088,26.3604],[88.5058,26.3479],[88.5248,26.3598],[88.5163,26.3636],[88.5252,26.3728],[88.5161,26.3725],[88.5207,26.3879],[88.5065,26.3986],[88.5107,26.4059],[88.4964,26.4084],[88.5029,26.4173],[88.4943,26.4164],[88.4981,26.4344],[88.4795,26.4525],[88.4842,26.4605],[88.4264,26.4724],[88.4221,26.4652],[88.4045,26.4854],[88.3913,26.4791],[88.3676,26.4871],[88.3559,26.4458],[88.3344,26.4787],[88.3345,26.4936],[88.3526,26.512],[88.3731,26.5606],[88.3775,26.5935],[88.3992,26.6017],[88.3885,26.609],[88.4023,26.628],[88.4167,26.633],[88.4234,26.5687],[88.4354,26.5468],[88.4502,26.5359],[88.4622,26.5472],[88.4861,26.5413],[88.4939,26.5141],[88.5248,26.5061],[88.5267,26.4817],[88.5611,26.4889],[88.5522,26.4776],[88.5631,26.4727],[88.5571,26.4568],[88.597,26.4494],[88.5952,26.4718],[88.6207,26.4711],[88.6245,26.4354],[88.6497,26.4272],[88.646,26.4182],[88.6705,26.407],[88.6874,26.4107],[88.6877,26.4013],[88.672,26.3989],[88.7027,26.3885],[88.6818,26.3803],[88.7044,26.3344],[88.7352,26.3551],[88.7492,26.3532],[88.7616,26.3338],[88.7616,26.3006],[88.7989,26.3132],[88.8216,26.3007],[88.8192,26.2597],[88.8468,26.2343],[88.8851,26.2388],[88.8678,26.2609],[88.8682,26.2775],[88.8862,26.2914],[88.9349,26.2883],[88.9704,26.2416],[89.0378,26.25],[89.0557,26.2437],[89.0611,26.2582],[89.0697,26.2553],[89.0652,26.2939],[89.0333,26.2856],[89.0323,26.3078],[89.0256,26.3087],[89.0236,26.2924],[89.0159,26.3042],[89.0042,26.2932],[88.9919,26.3048],[88.9922,26.3202],[89.0023,26.3166],[89.0076,26.3286],[88.9925,26.3367],[88.9914,26.3522],[88.9684,26.3543],[88.9638,26.3327],[88.9642,26.3476],[88.9536,26.349],[88.9655,26.3642],[88.9264,26.3625],[88.9199,26.3699],[88.928,26.3811],[88.9159,26.3833],[88.9259,26.4015],[88.9113,26.4121],[88.9353,26.4137],[88.9338,26.4363],[88.9514,26.4292],[88.9533,26.4516],[88.9703,26.4543],[88.9643,26.4631],[88.99,26.4503],[88.9859,26.4401],[88.9961,26.4232],[89.0289,26.4163],[89.041,26.3979],[89.1024,26.3935],[89.0967,26.3707],[89.0869,26.3661],[89.1029,26.3619],[89.1071,26.338],[89.0902,26.3243],[89.1047,26.3297],[89.122,26.3192],[89.1444,26.3208],[89.1305,26.2885],[89.1125,26.317],[89.1084,26.2823],[89.1305,26.2668],[89.1283,26.2537],[89.1469,26.2354],[89.1554,26.2087],[89.1406,26.1801],[89.1622,26.1607],[89.1541,26.1583],[89.16,26.1423],[89.1978,26.1219],[89.2302,26.1226],[89.2574,26.0922],[89.2722,26.0916],[89.2616,26.0639],[89.2851,26.0659],[89.2831,26.049],[89.3284,26.0371],[89.3524,26.0105],[89.3984,26.0069],[89.3983,26.0216],[89.4295,26.0456],[89.4389,26.0359],[89.4385,26.0086],[89.4783,25.9967],[89.4935,26.0063],[89.5424,26.0054],[89.5537,25.9999],[89.5412,25.9892],[89.5436,25.9705],[89.5579,25.9646],[89.5726,25.978],[89.5804,25.9682],[89.578,25.9794],[89.5907,25.9757],[89.5918,25.994],[89.5815,26.0242],[89.6017,26.038],[89.5957,26.044],[89.6167,26.053],[89.6084,26.0636],[89.6216,26.0528],[89.6527,26.0636],[89.6371,26.0782],[89.6434,26.0902],[89.6327,26.107],[89.6169,26.103],[89.613,26.0884],[89.5967,26.1009],[89.6014,26.1129],[89.6188,26.1064],[89.633,26.1189],[89.6285,26.1278],[89.6235,26.1192],[89.615,26.1269],[89.6082,26.1165],[89.5946,26.1569],[89.6135,26.1534],[89.6195,26.178],[89.6248,26.1714],[89.6371,26.1774],[89.6338,26.1718],[89.6519,26.1647],[89.659,26.1789],[89.6298,26.1862],[89.6341,26.1947],[89.6473,26.1842],[89.653,26.1899],[89.6366,26.2102],[89.6376,26.2277],[89.6732,26.2187],[89.6822,26.2357],[89.6893,26.2267],[89.6819,26.2218],[89.6925,26.2207],[89.6815,26.2161],[89.6939,26.2103],[89.6764,26.2014],[89.7052,26.1716],[89.6846,26.1604],[89.7111,26.1529],[89.7184,26.1675],[89.7227,26.155],[89.7509,26.1556],[89.7707,26.1275],[89.7591,26.109],[89.787,26.1052],[89.7859,26.0832],[89.7985,26.0839],[89.8035,26.0576],[89.7883,26.0544],[89.7922,26.0461],[89.7779,26.0357],[89.8041,26.0394],[89.7947,26.0157],[89.8131,26.042],[89.8261,26.0091],[89.8177,25.9923],[89.823,25.9849],[89.8398,25.981],[89.8396,26.0105],[89.8531,25.9875],[89.8754,25.9761],[89.8415,25.9639],[89.8515,25.9464],[89.8334,25.9514],[89.8282,25.9436],[89.8461,25.9359],[89.8904,25.9402],[89.8381,25.87],[89.8397,25.8562],[89.8305,25.8533],[89.8309,25.8376],[89.8145,25.817],[89.8301,25.8075],[89.8436,25.7682],[89.8318,25.725],[89.8378,25.7119],[89.8557,25.7071],[89.8529,25.6874],[89.8867,25.6211],[89.874,25.5421],[89.8578,25.5348],[89.8641,25.5102],[89.8567,25.4625],[89.8217,25.3854],[89.8225,25.3557],[89.8369,25.3342],[89.8354,25.3197],[89.8474,25.3103],[89.8343,25.2957],[89.8815,25.287],[89.9113,25.3087],[89.9486,25.304],[89.9534,25.2956],[89.9712,25.3031],[89.9859,25.2824],[90.0598,25.2629],[90.1152,25.2269],[90.1749,25.224],[90.2286,25.2034],[90.3181,25.1897],[90.3415,25.1935],[90.3795,25.1643],[90.4524,25.1445],[90.5167,25.1751],[90.6488,25.1733],[90.6483,25.182],[90.665,25.1856],[90.6712,25.1973],[90.673,25.1666],[90.6928,25.1717],[90.6876,25.1662],[90.7044,25.1553],[90.7199,25.1665],[90.7393,25.1544],[90.7464,25.1587],[90.7404,25.1646],[90.7645,25.1662],[90.7854,25.184],[90.8144,25.1625],[90.867,25.1561],[90.8857,25.1643],[90.9299,25.1606],[91.0799,25.1972],[91.2515,25.1946],[91.2738,25.2043],[91.2949,25.1858],[91.3423,25.1723],[91.368,25.1756],[91.4032,25.1642],[91.4198,25.1701],[91.446,25.1491],[91.4712,25.1501],[91.4741,25.1339],[91.5589,25.1493],[91.5792,25.1606],[91.5803,25.1729],[91.6174,25.1759],[91.6033,25.1599],[91.6056,25.1458],[91.6259,25.145],[91.6283,25.1283],[91.6445,25.1227],[91.6958,25.1391],[91.7073,25.1588],[91.744,25.1512],[91.7529,25.1798],[91.7819,25.1683],[91.8347,25.1824],[91.8631,25.1776],[91.9222,25.1871],[91.9889,25.1756],[92.0139,25.1902],[92.0306,25.1821],[92.0718,25.1896],[92.132,25.1669],[92.1453,25.159],[92.1395,25.1455],[92.1875,25.122],[92.2033,25.1283],[92.2323,25.1196],[92.2123,25.1165],[92.2335,25.097],[92.3149,25.0723],[92.33,25.0818],[92.3478,25.0783],[92.3566,25.0678],[92.3472,25.0522],[92.4328,25.031],[92.4236,24.9961],[92.4285,24.9726],[92.4459,24.967],[92.4605,24.9762],[92.4737,24.9571],[92.4521,24.9534],[92.4687,24.9424],[92.4893,24.9544],[92.4913,24.9224],[92.5047,24.9044],[92.4952,24.9],[92.5001,24.8825],[92.4918,24.874],[92.4492,24.8772],[92.447,24.8629],[92.4323,24.8521],[92.4165,24.8628],[92.4093,24.8513],[92.3915,24.8499],[92.3655,24.8817],[92.3555,24.8805],[92.348,24.894],[92.3434,24.8775],[92.2984,24.92],[92.2831,24.9048],[92.2452,24.9103],[92.2441,24.8494],[92.2573,24.8413],[92.2546,24.8342],[92.2797,24.828],[92.2849,24.7952],[92.2934,24.7894],[92.2851,24.7437],[92.2983,24.7366],[92.2509,24.6571],[92.2309,24.4996],[92.1786,24.5235],[92.1734,24.534],[92.1559,24.5242],[92.1615,24.5123],[92.1531,24.4881],[92.1635,24.4686],[92.1576,24.4608],[92.1728,24.4309],[92.1669,24.4221],[92.1391,24.4245],[92.1237,24.3873],[92.089,24.3734],[92.0101,24.382],[92.0,24.392],[91.9861,24.3855],[91.9864,24.3761],[91.9741,24.3886],[91.9669,24.3844],[91.9983,24.3393],[91.9954,24.3213],[91.9745,24.3316],[91.974,24.3454],[91.9571,24.3563],[91.9204,24.3358],[91.9419,24.2676],[91.9113,24.1454],[91.9026,24.1378],[91.8832,24.142],[91.872,24.1741],[91.8418,24.1977],[91.8569,24.2142],[91.8426,24.2217],[91.8475,24.2283],[91.8156,24.209],[91.7435,24.2471],[91.7612,24.1416],[91.7318,24.1424],[91.7028,24.1626],[91.6924,24.1593],[91.6683,24.2098],[91.6675,24.2304],[91.6481,24.2144],[91.6602,24.1876],[91.6565,24.1762],[91.6461,24.175],[91.6359,24.1393],[91.6403,24.1084],[91.5969,24.0964],[91.5962,24.0802],[91.5452,24.0761],[91.4964,24.0887],[91.4905,24.0978],[91.4441,24.098],[91.4103,24.1111],[91.3754,24.1075],[91.3784,24.0778],[91.3965,24.0514],[91.3743,24.0079],[91.3782,23.9769],[91.3064,23.9986],[91.2997,23.9727],[91.2895,23.968],[91.2837,23.9831],[91.2718,23.9636],[91.2661,23.9486],[91.2763,23.9262],[91.2352,23.9286],[91.2495,23.9133],[91.2322,23.8995],[91.2325,23.8832],[91.2576,23.8397],[91.2321,23.797],[91.2246,23.7401],[91.1955,23.7533],[91.1724,23.7521],[91.1604,23.7394],[91.1583,23.6912],[91.2101,23.6876],[91.2099,23.6566],[91.1989,23.647],[91.1613,23.6706],[91.1658,23.6023],[91.1821,23.5937],[91.1994,23.548],[91.218,23.5484],[91.2069,23.5178],[91.2271,23.514],[91.2245,23.5024],[91.239,23.5031],[91.2374,23.4946],[91.2538,23.4897],[91.2609,23.4458],[91.2821,23.4162],[91.2865,23.378],[91.2981,23.3788],[91.2909,23.3718],[91.2967,23.3545],[91.3256,23.3623],[91.3025,23.3411],[91.2973,23.321],[91.3159,23.3143],[91.3215,23.3022],[91.3064,23.2906],[91.3226,23.2821],[91.3164,23.2749],[91.3323,23.2527],[91.3255,23.2407],[91.3303,23.1577],[91.3567,23.0946],[91.3882,23.0583],[91.4023,23.0518],[91.422,23.0592],[91.3888,23.1795],[91.3958,23.2234],[91.4157,23.2449],[91.4078,23.2609],[91.4181,23.2543],[91.419,23.2802],[91.4237,23.255],[91.4597,23.2547],[91.4517,23.2435],[91.4748,23.2256],[91.4586,23.2154],[91.486,23.2122],[91.4889,23.199],[91.4742,23.1888],[91.5109,23.182],[91.4986,23.174],[91.4974,23.1533],[91.5103,23.1506],[91.5026,23.1433],[91.509,23.138],[91.5217,23.1391],[91.5089,23.1272],[91.5235,23.1142],[91.5155,23.1056],[91.5353,23.087],[91.5393,23.0621],[91.5286,23.0536],[91.5414,23.0504],[91.5357,23.0388],[91.5542,23.0338],[91.5441,23.0179],[91.5533,23.0158],[91.5484,22.9955],[91.5834,22.9632],[91.5975,22.9758],[91.612,22.9734],[91.6049,22.956],[91.6192,22.9598],[91.6187,22.9442],[91.6521,22.992],[91.6754,22.9879],[91.682,22.9962],[91.6885,22.9879],[91.6983,23.0026],[91.7256,22.9893],[91.7734,23.0441],[91.785,23.0317],[91.7785,23.0667],[91.8151,23.0699],[91.8355,23.0939],[91.8233,23.1008],[91.8209,23.1227],[91.8139,23.1186],[91.7994,23.1967],[91.7856,23.2078],[91.7922,23.2293],[91.7709,23.2638],[91.8082,23.3387],[91.844,23.3804],[91.8439,23.3965],[91.9035,23.4414],[91.9418,23.4376],[91.9418,23.4691],[91.9752,23.4824],[91.9742,23.5044],[91.9596,23.5202],[91.9679,23.5289],[91.9609,23.5376],[91.9639,23.5788],[91.951,23.5864],[91.9567,23.6179],[91.9423,23.6818],[91.9573,23.6991],[91.9621,23.7277],[91.9836,23.7297],[92.0236,23.6576],[92.0355,23.6617],[92.0707,23.6446],[92.087,23.6539],[92.0907,23.6771],[92.1059,23.6765],[92.1505,23.7325],[92.1676,23.7414],[92.181,23.7416],[92.1865,23.7105],[92.2177,23.6952],[92.2129,23.6642],[92.2241,23.6573],[92.2469,23.6918],[92.2405,23.7084],[92.2475,23.7241],[92.2685,23.7286],[92.2763,23.7219],[92.2952,23.6927],[92.2814,23.6301],[92.3002,23.6253],[92.2936,23.596],[92.3059,23.5913],[92.318,23.5546],[92.3128,23.5338],[92.3232,23.5247],[92.3234,23.4901],[92.3325,23.4787],[92.3232,23.4738],[92.3381,23.4645],[92.3323,23.4613],[92.3408,23.4312],[92.3502,23.4343],[92.3525,23.4148],[92.3618,23.4091],[92.3642,23.3695],[92.3804,23.3625],[92.3729,23.3229],[92.3877,23.3086],[92.4086,23.2461],[92.3611,23.2375],[92.3716,23.1598],[92.3647,23.1374],[92.3734,23.1279],[92.3658,23.1059],[92.3839,23.0874],[92.3937,23.0582],[92.3754,22.9349],[92.3966,22.9316],[92.4056,22.9161],[92.4214,22.9201],[92.4329,22.8869],[92.4475,22.8936],[92.4583,22.872],[92.4535,22.8656],[92.4644,22.856],[92.4577,22.8211],[92.4778,22.7983],[92.4865,22.7728],[92.4813,22.7625],[92.4921,22.7539],[92.4846,22.7503],[92.5114,22.7366],[92.5042,22.7357],[92.5317,22.6561],[92.5405,22.5788],[92.5314,22.5623],[92.5528,22.5205],[92.5656,22.3919],[92.5875,22.321],[92.6048,22.1825],[92.6139,22.1729],[92.61,22.1213],[92.5876,22.1397],[92.5704,22.1291],[92.605,22.0576],[92.599,22.0378],[92.6097,21.9768],[92.6379,21.9887],[92.6592,22.0147],[92.6844,22.0179],[92.6838,22.1053],[92.697,22.0809],[92.6994,22.1483],[92.7179,22.1526],[92.7701,22.1231],[92.7737,22.111],[92.8171,22.0956],[92.8446,22.0634],[92.8677,22.0654],[92.8747,22.0301],[92.8943,22.012],[92.9109,21.9462],[92.9391,22.0086],[92.9316,22.0175],[92.9558,22.0299],[92.9666,22.0271],[92.988,21.9829],[93.0092,21.9839],[93.0,22.0504],[93.0133,22.1022],[93.0656,22.1021],[93.0469,22.1387],[93.0549,22.1654],[93.0467,22.1976],[93.077,22.2101],[93.0973,22.1993],[93.1172,22.2013],[93.1307,22.1791],[93.1544,22.1782],[93.1698,22.2001],[93.1471,22.2465],[93.1904,22.2497],[93.2086,22.2611],[93.1908,22.4273],[93.1754,22.4513],[93.1421,22.4633],[93.1289,22.5098],[93.1337,22.5199],[93.1117,22.5318],[93.1178,22.5589],[93.1456,22.5861],[93.1444,22.5989],[93.1364,22.6229],[93.1148,22.6392],[93.1042,22.6961],[93.0918,22.7093],[93.1127,22.7442],[93.0993,22.8104],[93.1162,22.8163],[93.1112,22.8282],[93.1332,22.8752],[93.1388,22.9132],[93.1684,22.9191],[93.1534,22.9306],[93.1426,22.9937],[93.1292,23.0008],[93.1329,23.0475],[93.1419,23.0606],[93.1678,23.049],[93.1945,23.0603],[93.2202,23.0452],[93.2532,23.0065],[93.2681,23.0123],[93.2977,23.0058],[93.3326,23.0357],[93.3574,23.0728],[93.3511,23.0803],[93.365,23.1167],[93.3936,23.1386],[93.3907,23.1479],[93.3739,23.1503],[93.3947,23.2243],[93.3784,23.2561],[93.3793,23.3327],[93.3658,23.3545],[93.3988,23.3643],[93.3964,23.374],[93.4142,23.388],[93.3983,23.4113],[93.3972,23.4333],[93.4076,23.5085],[93.4276,23.5344],[93.424,23.5694],[93.4347,23.5888],[93.4283,23.6535],[93.4447,23.6824],[93.4169,23.7121],[93.4053,23.7616],[93.411,23.8077],[93.3971,23.8409],[93.3987,23.9303],[93.371,23.9405],[93.3516,23.978],[93.3344,23.987],[93.3422,24.0307],[93.3332,24.0398],[93.3422,24.0446],[93.334,24.0901],[93.3538,24.0977],[93.3469,24.113],[93.3664,24.093],[93.4247,24.0717],[93.467,23.9993],[93.4689,23.9739],[93.5087,23.9489],[93.5549,23.9652],[93.5635,23.9896],[93.5801,23.9703],[93.6035,23.9696],[93.6209,23.9912],[93.6207,24.0142],[93.74,23.9992],[93.7569,24.0095],[93.816,23.9298],[93.8662,23.9379],[93.907,23.9571],[93.9538,23.9502],[93.9694,23.9339],[94.0177,23.9339],[94.0566,23.8976],[94.0961,23.8936],[94.1226,23.8427],[94.1393,23.8559],[94.1615,23.8528],[94.1708,23.9351],[94.196,23.9377],[94.1945,23.965],[94.2453,24.0442],[94.2331,24.0669],[94.2472,24.0626],[94.2597,24.0896],[94.2627,24.1677],[94.2837,24.1799],[94.2951,24.2399],[94.3132,24.2541],[94.328,24.2924],[94.3263,24.3389],[94.3518,24.342],[94.3834,24.3794],[94.3653,24.3997],[94.4039,24.4211],[94.4089,24.4441],[94.4005,24.4621],[94.4115,24.4697],[94.4034,24.4878],[94.4296,24.4933],[94.4655,24.5756],[94.5024,24.5964],[94.5315,24.6324],[94.5507,24.6749],[94.551,24.7165],[94.5766,24.7121],[94.5817,24.7313],[94.591,24.7109],[94.6108,24.7221],[94.6333,24.765],[94.6248,24.7958],[94.6378,24.8424],[94.6568,24.8736],[94.6889,24.895],[94.7015,24.9276],[94.7191,24.9425],[94.7031,24.9783],[94.7422,25.0252],[94.7507,25.0635],[94.7457,25.1366],[94.7035,25.1598],[94.6478,25.1744],[94.6309,25.1904],[94.6089,25.191],[94.5854,25.2157],[94.5987,25.2891],[94.6221,25.3368],[94.6312,25.3873],[94.6738,25.4162],[94.6886,25.4655],[94.7465,25.4791],[94.7567,25.492],[94.7727,25.4813],[94.8125,25.4954],[94.8339,25.5467],[94.8494,25.5607],[94.905,25.5671],[94.8889,25.5929],[94.9197,25.6111],[94.9376,25.669],[94.989,25.7091],[95.0094,25.7385],[95.0337,25.7414],[95.0525,25.7627],[95.0455,25.7828],[95.0518,25.8052],[95.0154,25.872],[95.0219,25.91],[95.0367,25.9351],[95.1065,25.9682],[95.1626,26.0314],[95.1656,26.0534],[95.1836,26.0745],[95.1854,26.0847],[95.171,26.0968],[95.1267,26.101],[95.1206,26.1097],[95.1279,26.137],[95.1168,26.163],[95.1247,26.1966],[95.1425,26.2142],[95.1212,26.2387],[95.1297,26.2562],[95.1207,26.2749],[95.1311,26.2925],[95.1357,26.3878],[95.1048,26.4013],[95.1087,26.4237],[95.087,26.452],[95.0664,26.4504],[95.076,26.4777],[95.1208,26.5298],[95.1148,26.548],[95.1268,26.5624],[95.1444,26.563],[95.1545,26.5808],[95.1547,26.6195],[95.182,26.6433],[95.2149,26.6557],[95.244,26.6939],[95.26,26.6864],[95.272,26.6628],[95.3026,26.656],[95.3466,26.6779],[95.4289,26.7],[95.4614,26.746],[95.4891,26.7617],[95.5328,26.8312],[95.5548,26.8396],[95.5748,26.8257],[95.6115,26.8212],[95.6322,26.8495],[95.6368,26.8793],[95.6734,26.9102],[95.7035,26.8872],[95.7308,26.8875],[95.7581,26.9149],[95.7525,26.9302],[95.7637,26.945],[95.7609,26.964],[95.8079,27.0205],[95.8771,27.0205],[95.9362,27.053],[95.9571,27.0682],[96.0364,27.1961],[96.0864,27.2171],[96.099,27.2314],[96.2181,27.2696],[96.2343,27.2849],[96.2674,27.2778],[96.3108,27.302],[96.3477,27.2884],[96.3641,27.3002],[96.3916,27.2946],[96.4707,27.3125],[96.5054,27.3076],[96.5223,27.294],[96.6008,27.3446],[96.5983,27.3565],[96.6125,27.3694],[96.6991,27.3656],[96.7125,27.3807],[96.7407,27.3645],[96.8024,27.3544],[96.8249,27.3205],[96.8497,27.3063],[96.8617,27.2725],[96.8851,27.268],[96.89,27.2369],[96.8634,27.2192],[96.8756,27.1936],[96.9184,27.1755],[96.9847,27.1667],[97.0302,27.1417],[97.0627,27.1112],[97.1086,27.1213],[97.1464,27.1028],[97.1559,27.1264],[97.1717,27.1368],[97.1672,27.1555],[97.0951,27.2214],[97.0941,27.2479],[97.0436,27.2898],[97.0403,27.3079],[97.0033,27.3299],[96.9975,27.3551],[96.9717,27.3789],[96.9755,27.396],[96.9655,27.4154],[96.9414,27.427],[96.9333,27.4505],[96.9119,27.4627],[96.9112,27.4815],[96.9377,27.5301],[96.9158,27.5583],[96.914,27.5884],[96.8992,27.5936],[96.8976,27.6208],[96.9194,27.6315],[96.9423,27.6674],[96.9783,27.6719],[97.0157,27.7406],[97.0286,27.7491],[97.0675,27.7597],[97.0964,27.7499],[97.1025,27.7934],[97.1603,27.8226],[97.2565,27.9095],[97.3087,27.93],[97.3239,27.9119],[97.3212,27.8895],[97.3435,27.8941],[97.3648,27.8851],[97.389,27.8964],[97.3786,27.918],[97.3877,27.9307],[97.3756,27.9444],[97.3781,27.9862],[97.3912,28.0119],[97.4116,28.0151],[97.4152,28.0241],[97.3771,28.0391],[97.368,28.0524],[97.3735,28.0702],[97.3317,28.0654],[97.3077,28.0771],[97.3102,28.0933],[97.339,28.1195],[97.3247,28.1482],[97.3308,28.163],[97.3636,28.1965],[97.3922,28.1912],[97.4006,28.2005],[97.3747,28.2256],[97.313,28.2518],[97.2821,28.2763],[97.2412,28.2751],[97.2242,28.2999],[97.1739,28.2991],[97.152,28.334],[97.0926,28.3697],[97.0518,28.3581],[97.0227,28.3263],[96.9965,28.3162],[96.9259,28.345],[96.8987,28.3859],[96.8522,28.3684],[96.7826,28.3704],[96.7511,28.4217],[96.7062,28.4375],[96.6646,28.4658],[96.5796,28.4631],[96.5103,28.4183],[96.4583,28.4192],[96.432,28.3917],[96.4229,28.351],[96.3994,28.3445],[96.3922,28.3626],[96.38,28.3641],[96.3709,28.3943],[96.3199,28.3862],[96.3046,28.4047],[96.2638,28.4134],[96.373,28.487],[96.3666,28.5047],[96.3243,28.5303],[96.3432,28.5511],[96.3708,28.5642],[96.4066,28.564],[96.4009,28.5943],[96.4281,28.5871],[96.4941,28.6382],[96.4727,28.6882],[96.5859,28.7216],[96.6136,28.7598],[96.616,28.7786],[96.5375,28.8841],[96.5387,28.921],[96.5188,28.971],[96.4875,28.9653],[96.4774,28.994],[96.5252,29.0793],[96.4358,29.0376],[96.3467,29.0323],[96.2937,28.9987],[96.2483,28.9428],[96.1665,28.9059],[96.163,28.9221],[96.1452,28.9375],[96.1552,28.9556],[96.1804,28.9685],[96.1849,28.9881],[96.1504,29.0531],[96.1145,29.0776],[96.1856,29.0946],[96.2175,29.1381],[96.2602,29.1602],[96.3464,29.171],[96.3877,29.2337],[96.3928,29.2565],[96.375,29.2837],[96.3632,29.2856],[96.3453,29.2674],[96.3126,29.2591],[96.293,29.2358],[96.2436,29.2351],[96.1831,29.3093],[96.1858,29.3445],[96.1752,29.3645],[96.0872,29.4616],[96.0556,29.4584],[95.9571,29.3827],[95.8809,29.3915],[95.8483,29.3587],[95.7965,29.3363],[95.7776,29.3564],[95.7271,29.3025],[95.7019,29.3004],[95.6832,29.2773],[95.638,29.2498],[95.5987,29.2619],[95.5858,29.218],[95.5377,29.214],[95.5468,29.1287],[95.4963,29.1403],[95.4859,29.0763],[95.4474,29.036],[95.3846,29.038],[95.3028,29.0629],[95.2666,29.0576],[95.2501,29.0686],[95.2508,29.1099],[95.1218,29.1163],[95.0984,29.1438],[95.0397,29.1524],[94.9975,29.173],[94.9867,29.1735],[95.0228,29.1306],[94.9677,29.1598],[94.9188,29.1623],[94.8718,29.1843],[94.798,29.1646],[94.7979,29.21],[94.7774,29.2411],[94.7111,29.3043],[94.6282,29.3486],[94.619,29.3128],[94.5778,29.2808],[94.5579,29.2289],[94.4945,29.2167],[94.4312,29.2268],[94.3723,29.1902],[94.3569,29.1526],[94.2877,29.1481],[94.2147,29.0841],[94.1752,29.0205],[94.1729,28.9918],[94.1551,28.9548],[94.0665,28.8961],[94.0301,28.8535],[93.9949,28.8414],[94.0,28.8198],[93.9853,28.7983],[94.0014,28.7755],[93.9685,28.7514],[93.957,28.7047],[93.9261,28.6718],[93.844,28.7074],[93.7752,28.6685],[93.7316,28.6893],[93.6201,28.6577],[93.5338,28.6589],[93.4911,28.684],[93.4792,28.675],[93.4742,28.6536],[93.4457,28.676],[93.4118,28.6529],[93.3369,28.6402],[93.3276,28.6083],[93.2999,28.5996],[93.3053,28.5663],[93.2759,28.5048],[93.1827,28.44],[93.1811,28.4327],[93.2315,28.4007],[93.219,28.3337],[93.1938,28.318],[93.1248,28.3268],[93.0954,28.3071],[93.0237,28.3032],[93.0338,28.2631],[93.0004,28.2308],[92.99,28.2344],[92.986,28.2513],[92.9645,28.2618],[92.9129,28.235],[92.8953,28.2046],[92.8265,28.172],[92.8162,28.2016],[92.7996,28.2022],[92.7366,28.1516],[92.687,28.1258],[92.6629,28.0628],[92.6954,28.0484],[92.7395,27.9894],[92.6692,27.9001],[92.6051,27.8775],[92.5607,27.821],[92.5439,27.8175],[92.5013,27.8415],[92.4549,27.8033],[92.4438,27.8008],[92.4139,27.823],[92.398,27.8205],[92.383,27.8156],[92.3798,27.795],[92.316,27.7782],[92.2847,27.8076],[92.264,27.8579],[92.2104,27.859],[92.1561,27.837],[92.0554,27.7591],[91.9839,27.77],[91.9556,27.7507],[91.9451,27.7287],[91.9188,27.7151],[91.9084,27.7263],[91.8786,27.7218],[91.8605,27.7369],[91.8242,27.8103],[91.7581,27.8013],[91.7096,27.8133],[91.662,27.8582],[91.5439,27.8556],[91.5655,27.8153],[91.5988,27.8209],[91.6282,27.8008],[91.6311,27.7716],[91.6396,27.7652],[91.6237,27.706],[91.5964,27.6926],[91.5577,27.6335],[91.5761,27.6083],[91.562,27.5842],[91.5668,27.575],[91.5944,27.5396],[91.6093,27.5416],[91.6205,27.5133],[91.6441,27.499],[91.6474,27.4847],[91.6901,27.5027],[91.7106,27.4912],[91.72,27.4704],[91.7498,27.4742],[91.7738,27.4645],[91.8285,27.469],[91.863,27.4821],[91.8722,27.4728],[91.9227,27.4714],[91.9394,27.4606],[92.0188,27.4797],[92.0192,27.4476],[92.0388,27.4365],[92.0421,27.4128],[92.0545,27.4001],[92.0464,27.3684],[92.0602,27.3453],[92.0588,27.3272],[92.1206,27.2876],[92.119,27.2759],[92.1016,27.2691],[92.07,27.2774],[92.0396,27.2667],[92.0658,27.245],[92.0696,27.2236],[92.0562,27.1896],[92.0252,27.1718],[92.0234,27.1623],[92.0365,27.1384],[92.0222,27.1149],[92.0337,27.0648],[92.0449,27.052],[92.064,27.0522],[92.0798,27.0206],[92.1033,27.0078],[92.1021,26.983],[92.1174,26.9602],[92.0974,26.8686],[92.0552,26.8481],[91.9856,26.8583],[91.942,26.8949],[91.8835,26.9162],[91.8535,26.9123],[91.8318,26.8764],[91.802,26.8521],[91.7269,26.8126],[91.6872,26.8051],[91.6238,26.8213],[91.5908,26.8048],[91.4928,26.7898],[91.4083,26.8356],[91.3796,26.8015],[91.3363,26.7797],[91.2951,26.7852],[91.2623,26.805],[91.1297,26.8085],[91.0966,26.8198],[91.054,26.7795],[90.996,26.7883],[90.6999,26.768],[90.6794,26.7802],[90.6491,26.7743],[90.6303,26.7917],[90.5599,26.801],[90.4095,26.9019],[90.3551,26.8961],[90.3458,26.8764],[90.3015,26.8482],[90.2443,26.8579],[90.2148,26.8537],[90.184,26.8097],[90.1887,26.7706],[90.1278,26.749],[90.0552,26.7293],[90.0021,26.7343],[89.9578,26.7232],[89.8894,26.7244],[89.8624,26.737],[89.855,26.7028],[89.8072,26.715],[89.7759,26.6991],[89.7566,26.7163],[89.7567,26.7365],[89.7264,26.7223],[89.7033,26.7371],[89.6738,26.7404],[89.6586,26.7185],[89.6143,26.7256],[89.6545,26.7635],[89.6447,26.7809],[89.6218,26.7769],[89.6112,26.7894],[89.5668,26.8017],[89.5589,26.8156],[89.5115,26.817],[89.4903,26.8023],[89.4593,26.8063],[89.448,26.8348],[89.391,26.841],[89.3772,26.8663],[89.3283,26.8401],[89.3161,26.8528],[89.2546,26.8166],[89.2336,26.8205],[89.1898,26.8085],[89.1729,26.8217],[89.1321,26.8078],[89.102,26.8363],[89.1041,26.8598],[89.0876,26.872],[89.0909,26.8933],[89.0465,26.9036],[89.0464,26.9197],[89.0249,26.9403],[88.9846,26.9208],[88.9624,26.9241],[88.9399,26.9424],[88.9555,26.9542],[88.9537,26.9682],[88.919,26.9962],[88.875,26.9515],[88.8705,27.0108],[88.8787,27.0411],[88.8699,27.1087],[88.8261,27.1177],[88.8,27.1368],[88.751,27.1429],[88.7609,27.1752],[88.7882,27.1858],[88.8011,27.2476],[88.8304,27.2626],[88.8724,27.2588],[88.8992,27.275],[88.9224,27.3263],[88.8899,27.3364],[88.881,27.3632],[88.8672,27.3682],[88.8588,27.3859],[88.8398,27.3782],[88.8093,27.4052],[88.7947,27.447],[88.7834,27.4556],[88.7886,27.5286],[88.7751,27.5376],[88.7671,27.565],[88.8055,27.6033],[88.8099,27.6419],[88.826,27.6455],[88.8466,27.6689],[88.8386,27.7105],[88.8624,27.739],[88.8526,27.7684],[88.8543,27.8165],[88.873,27.8274],[88.8856,27.8591],[88.8814,27.8925],[88.8612,27.9235],[88.8363,27.932],[88.8441,27.9564],[88.8329,28.0115],[88.7511,28.0733],[88.6668,28.0741],[88.6212,28.131],[88.6067,28.1262],[88.6165,28.1037],[88.5545,28.0848],[88.5389,28.0389],[88.4831,28.0456],[88.4616,28.0198],[88.4265,28.0081],[88.3898,27.9781],[88.3378,27.988],[88.2439,27.9485],[88.2305,27.9677],[88.2098,27.9678],[88.1887,27.9437],[88.1347,27.963],[88.1139,27.9122],[88.13,27.8815],[88.1989,27.8535],[88.2039,27.8373],[88.1757,27.8202],[88.1999,27.7905],[88.1844,27.7745],[88.1812,27.7468],[88.161,27.7406],[88.1473,27.6654],[88.1226,27.6453],[88.1163,27.6104],[88.0871,27.589],[88.0778,27.5718],[88.0836,27.5646],[88.0616,27.5348],[88.0698,27.5261],[88.0641,27.5118],[88.0463,27.4958],[88.0466,27.4784],[88.0697,27.4576],[88.0705,27.4385],[88.0829,27.4295],[88.0494,27.4052],[88.0444,27.3707],[88.0692,27.3356],[88.0441,27.304],[88.0465,27.2924],[88.0343,27.286],[88.0334,27.2497],[88.0151,27.2165],[88.022,27.1707],[87.9901,27.119],[87.9942,27.1052],[88.0237,27.0874],[88.019,27.0732],[88.0403,27.0363],[88.0622,27.0287],[88.0796,27.0351],[88.095,27.004],[88.1375,26.9853],[88.123,26.9501],[88.1486,26.9204],[88.1389,26.8984],[88.1761,26.8652],[88.1702,26.8371],[88.1905,26.7714],[88.189,26.7382],[88.17,26.6989],[88.163,26.6363],[88.1446,26.6255],[88.1325,26.601],[88.1327,26.5733],[88.1159,26.5723],[88.1159,26.5579],[88.108,26.5606],[88.1141,26.5448],[88.1007,26.5361],[88.1055,26.5182],[88.0929,26.5067],[88.1013,26.5054],[88.1092,26.4759],[88.0944,26.4627],[88.0974,26.4374],[88.0739,26.4077],[88.0626,26.4094],[88.0372,26.3917],[88.0326,26.3646],[88.0102,26.3608],[87.995,26.3694],[87.9942,26.3922],[87.9293,26.4179],[87.9191,26.4307],[87.9267,26.4464],[87.9012,26.4484],[87.9121,26.4574],[87.8906,26.4864],[87.8881,26.4762],[87.8608,26.4634],[87.8651,26.4526],[87.8512,26.4362],[87.8307,26.4398],[87.8322,26.4499],[87.7922,26.4689],[87.7764,26.4501],[87.7788,26.4215],[87.7689,26.4121],[87.7563,26.4079],[87.7499,26.4185],[87.7361,26.4075],[87.7159,26.4253],[87.6802,26.4351],[87.6809,26.4155],[87.6528,26.4055],[87.6544,26.3932],[87.6146,26.3898],[87.6084,26.3806],[87.5897,26.3818],[87.5902,26.3922],[87.5553,26.4054],[87.55,26.4182],[87.4691,26.4401],[87.3713,26.4078],[87.3589,26.3879],[87.3609,26.3608],[87.3434,26.3475],[87.3149,26.3711],[87.2684,26.3736],[87.2686,26.4053],[87.2587,26.4109],[87.2312,26.4133],[87.2214,26.4029],[87.2138,26.4128],[87.1888,26.414],[87.1915,26.4051],[87.165,26.4038],[87.0939,26.45],[87.0743,26.5855],[87.0473,26.587],[87.0448,26.5679],[87.0177,26.5318],[86.9351,26.5165],[86.9322,26.4893],[86.8941,26.4858],[86.8964,26.4617],[86.8634,26.4572],[86.8358,26.4387],[86.7677,26.4585],[86.7492,26.428],[86.7335,26.422],[86.7226,26.4346],[86.7022,26.4371],[86.6957,26.4509],[86.6363,26.465],[86.6234,26.4838],[86.5728,26.4969],[86.5442,26.5381],[86.5011,26.5416],[86.4579,26.5678],[86.3973,26.5849],[86.3972,26.5953],[86.3433,26.6057],[86.3466,26.6159],[86.33,26.6192],[86.2546,26.6168],[86.2368,26.5904],[86.2196,26.5881],[86.1994,26.5933],[86.1946,26.6144],[86.1384,26.6062],[86.1407,26.6287],[86.0307,26.6664],[86.0128,26.654],[85.9625,26.6511],[85.9503,26.6132],[85.9311,26.6163],[85.8932,26.5945],[85.8889,26.5824],[85.8521,26.5684],[85.86,26.5896],[85.8533,26.6095],[85.8198,26.6025],[85.8038,26.6235],[85.7492,26.6396],[85.7346,26.6543],[85.7387,26.6636],[85.7278,26.6701],[85.7256,26.6864],[85.7367,26.7956],[85.7233,26.82],[85.6446,26.8529],[85.6286,26.8731],[85.5875,26.847],[85.5776,26.8607],[85.5679,26.8407],[85.5451,26.8379],[85.5221,26.8141],[85.5,26.8119],[85.4983,26.7981],[85.4816,26.802],[85.4801,26.7932],[85.4556,26.7819],[85.4096,26.7911],[85.3771,26.7606],[85.3572,26.7602],[85.3363,26.7414],[85.2552,26.7609],[85.2123,26.7587],[85.1791,26.8119],[85.1926,26.8295],[85.1977,26.8666],[85.1134,26.8722],[85.0889,26.8671],[85.0897,26.8533],[85.0244,26.8554],[85.0315,26.875],[85.0624,26.8867],[85.0061,26.8948],[84.9951,26.9025],[85.0044,26.9031],[85.0018,26.9119],[84.9698,26.916],[84.9805,26.94],[84.9645,26.9603],[84.8936,26.9696],[84.858,26.9865],[84.8569,27.008],[84.8319,27.0193],[84.8139,27.0203],[84.7957,26.9956],[84.7748,27.0175],[84.7589,27.0027],[84.6449,27.0472],[84.6485,27.0754],[84.6764,27.0955],[84.6721,27.1099],[84.6889,27.1585],[84.6779,27.1701],[84.6931,27.2148],[84.622,27.3382],[84.4781,27.3623],[84.4717,27.355],[84.4433,27.37],[84.3343,27.3773],[84.3027,27.3903],[84.2934,27.385],[84.2787,27.3952],[84.2803,27.4152],[84.2562,27.4519],[84.2338,27.4561],[84.2217,27.4402],[84.2106,27.4423],[84.2079,27.4694],[84.151,27.4857],[84.148,27.5186],[84.1259,27.5108],[84.1107,27.5215],[84.0998,27.5168],[84.0975,27.4894],[84.0727,27.4815],[84.0542,27.4426],[84.0294,27.4336],[83.9983,27.4459],[83.9796,27.4391],[83.9331,27.4494],[83.8702,27.4285],[83.8752,27.3919],[83.9084,27.3843],[83.8899,27.3582],[83.8648,27.3464],[83.8332,27.3695],[83.6167,27.4694],[83.3909,27.4795],[83.404,27.4575],[83.3868,27.4351],[83.4117,27.4125],[83.3868,27.3901],[83.3902,27.3757],[83.3768,27.3698],[83.3612,27.343],[83.3383,27.3331],[83.32,27.3372],[83.3196,27.33],[83.2965,27.334],[83.2746,27.3526],[83.2677,27.3654],[83.2742,27.3834],[83.2191,27.4177],[83.1902,27.454],[83.0361,27.4487],[82.9562,27.4678],[82.9316,27.5009],[82.737,27.5031],[82.7397,27.5182],[82.7514,27.5226],[82.7401,27.5519],[82.7491,27.5549],[82.7579,27.5866],[82.7369,27.6095],[82.7396,27.6405],[82.7138,27.6649],[82.7202,27.6873],[82.7078,27.7027],[82.7099,27.7217],[82.6827,27.7136],[82.6662,27.7219],[82.6208,27.7021],[82.607,27.7058],[82.5431,27.6855],[82.5181,27.6902],[82.4752,27.6763],[82.4507,27.6786],[82.4037,27.7025],[82.369,27.7424],[82.3058,27.7724],[82.2102,27.843],[82.1559,27.8661],[82.1519,27.8578],[82.1252,27.8648],[82.0697,27.9234],[81.9701,27.9288],[81.9271,27.8753],[81.928,27.8596],[81.8868,27.8572],[81.8354,27.8974],[81.8067,27.9032],[81.704,27.9865],[81.6259,28.0015],[81.4802,28.0825],[81.4858,28.1181],[81.4518,28.1408],[81.4488,28.1602],[81.4283,28.1706],[81.3769,28.1769],[81.3687,28.1659],[81.3802,28.1554],[81.3731,28.1422],[81.3198,28.1334],[81.3201,28.1451],[81.3297,28.1482],[81.3038,28.1669],[81.323,28.1687],[81.3224,28.1972],[81.2345,28.2889],[81.2363,28.3246],[81.2124,28.3605],[81.0815,28.3848],[81.0366,28.4133],[81.0341,28.3987],[81.0185,28.4156],[81.0356,28.4278],[81.0312,28.4384],[81.0209,28.4317],[81.0147,28.4381],[81.0192,28.4516],[81.0014,28.4539],[80.9909,28.4416],[80.9796,28.4425],[80.9809,28.4343],[80.9666,28.4446],[80.9815,28.4552],[80.9534,28.4475],[80.9533,28.4555],[80.934,28.4585],[80.9442,28.4683],[80.9326,28.4584],[80.9161,28.4677],[80.9174,28.4575],[80.9031,28.4856],[80.9103,28.4975],[80.8776,28.5097],[80.8633,28.5041],[80.8673,28.4894],[80.8461,28.4954],[80.8172,28.5207],[80.7908,28.5243],[80.7918,28.5435],[80.7712,28.5496],[80.7696,28.5655],[80.7401,28.5742],[80.7403,28.5658],[80.7262,28.5747],[80.7163,28.5679],[80.6919,28.587],[80.6974,28.6033],[80.679,28.6043],[80.6813,28.6205],[80.6693,28.6418],[80.6529,28.6339],[80.6432,28.6432],[80.6133,28.6392],[80.6079,28.6523],[80.5915,28.6476],[80.5993,28.6559],[80.5818,28.6612],[80.592,28.6797],[80.5704,28.6878],[80.5416,28.6905],[80.5052,28.6652],[80.5233,28.5768],[80.532,28.5735],[80.5193,28.5517],[80.4828,28.5853],[80.4703,28.5829],[80.4659,28.6151],[80.4529,28.6288],[80.4164,28.6391],[80.378,28.6283],[80.3609,28.637],[80.3624,28.6449],[80.3276,28.6663],[80.3185,28.7001],[80.2792,28.7099],[80.2579,28.7293],[80.2668,28.7435],[80.2523,28.7578],[80.2177,28.7553],[80.1198,28.8287],[80.0767,28.8244],[80.0663,28.8373],[80.0601,28.9163],[80.1019,28.9864],[80.1196,28.9817],[80.1285,29.0059],[80.1373,29.0073],[80.1263,29.013],[80.1382,29.0589],[80.1301,29.061],[80.146,29.103],[80.186,29.1373],[80.235,29.1184],[80.2734,29.142],[80.2596,29.1874],[80.2424,29.2033],[80.2499,29.2206],[80.2862,29.1968],[80.299,29.205],[80.2924,29.2319],[80.302,29.242],[80.3186,29.3134],[80.2811,29.3476],[80.2729,29.3637],[80.2769,29.3922],[80.2433,29.4116],[80.2448,29.4445],[80.276,29.4495],[80.2771,29.4584],[80.2822,29.451],[80.3042,29.4531],[80.2884,29.4772],[80.3016,29.4906],[80.3152,29.4848],[80.315,29.4978],[80.3513,29.5189],[80.3598,29.5319],[80.3434,29.5416],[80.3444,29.5529],[80.3657,29.5566],[80.3654,29.5641],[80.3805,29.5613],[80.3808,29.5715],[80.4095,29.5949],[80.4074,29.6128],[80.4219,29.6391],[80.4159,29.6542],[80.386,29.675],[80.377,29.7203],[80.3677,29.7249],[80.3693,29.75],[80.3993,29.7593],[80.4086,29.7944],[80.4377,29.8057],[80.4972,29.7974],[80.509,29.823],[80.5545,29.8492],[80.5743,29.8944],[80.576,29.9234],[80.6053,29.9587],[80.6316,29.9652],[80.6503,29.9559],[80.6779,29.9581],[80.7213,30.0004],[80.7494,30.0066],[80.7629,30.0495],[80.7814,30.0569],[80.8172,30.0963],[80.8392,30.0977],[80.8467,30.1161],[80.8792,30.1285],[80.8646,30.1689],[80.9119,30.2232],[80.9292,30.2359],[80.9779,30.238],[80.9904,30.2468],[81.0189,30.2368],[81.0196,30.253],[80.9941,30.2705],[80.8113,30.32],[80.776,30.3432],[80.7375,30.3981],[80.5842,30.4872],[80.5664,30.4886],[80.5556,30.4672],[80.5265,30.4543],[80.4897,30.4891],[80.4235,30.5057],[80.4006,30.5312],[80.3813,30.5235],[80.32,30.5512],[80.3056,30.5675],[80.278,30.5745],[80.2606,30.5665],[80.2532,30.5752],[80.2402,30.5654],[80.2157,30.579],[80.206,30.5974],[80.2121,30.6146],[80.1985,30.6231],[80.209,30.6451],[80.1805,30.6699],[80.1855,30.6823],[80.2198,30.6973],[80.2373,30.7377],[80.2238,30.7641],[80.2072,30.7575],[80.1905,30.7638],[80.1849,30.7866],[80.1573,30.8128],[80.1395,30.8112],[80.1375,30.796],[80.1031,30.7797],[80.0741,30.7997],[80.0695,30.8193],[80.0441,30.844],[80.0181,30.8465],[79.9598,30.8856],[79.915,30.8922],[79.8975,30.9217],[79.8747,30.9304],[79.8549,30.9789],[79.805,30.9778],[79.7421,31.0068],[79.7048,30.9834],[79.6539,30.9857],[79.6494,30.9706],[79.5872,30.9431],[79.5311,30.9741],[79.5377,30.9913],[79.5194,30.9934],[79.5225,31.0081],[79.4971,31.0414],[79.4131,31.0376],[79.4084,31.0729],[79.3924,31.0798],[79.3819,31.1184],[79.3261,31.1294],[79.2996,31.1492],[79.2827,31.1755],[79.2884,31.1956],[79.2728,31.2307],[79.2628,31.2453],[79.2339,31.254],[79.2481,31.2966],[79.1289,31.4387],[79.0479,31.4704],[79.0355,31.4532],[79.0342,31.428],[79.0068,31.4006],[78.9897,31.3618],[78.9254,31.3318],[78.9141,31.2616],[78.8795,31.2707],[78.8582,31.313],[78.829,31.3302],[78.8401,31.3506],[78.8342,31.3725],[78.8167,31.3884],[78.7764,31.4012],[78.7925,31.4179],[78.7955,31.4528],[78.7489,31.4906],[78.7166,31.4849],[78.7066,31.5184],[78.7213,31.541],[78.7973,31.5762],[78.8311,31.6153],[78.8269,31.628],[78.7867,31.6576],[78.7796,31.6898],[78.7499,31.6847],[78.7344,31.692],[78.7113,31.7413],[78.7247,31.7639],[78.7033,31.7704],[78.6914,31.7934],[78.6947,31.8172],[78.7218,31.8373],[78.7294,31.9066],[78.7526,31.9396],[78.771,31.9998],[78.7314,32.0076],[78.6574,32.0813],[78.6479,32.1071],[78.5973,32.122],[78.5743,32.1586],[78.5937,32.1824],[78.5929,32.2187],[78.5394,32.25],[78.4392,32.2465],[78.4662,32.284],[78.4641,32.3522],[78.4917,32.3733],[78.4976,32.3952],[78.5188,32.4185],[78.4781,32.4259],[78.4661,32.4452],[78.4381,32.4564],[78.4487,32.4901],[78.4317,32.5103],[78.4108,32.5117],[78.4165,32.5151],[78.4043,32.5387],[78.4122,32.5561],[78.4527,32.5795],[78.4856,32.5732],[78.5449,32.6123],[78.6257,32.6071],[78.6544,32.6492],[78.7365,32.6959],[78.7603,32.6842],[78.7681,32.663],[78.7803,32.5983],[78.7637,32.5678],[78.7812,32.4753],[78.836,32.4253],[78.8746,32.4146],[78.9147,32.3671],[78.9772,32.3428],[78.9938,32.3643],[79.025,32.367],[79.0492,32.3834],[79.1045,32.3717],[79.1265,32.4643],[79.203,32.5108],[79.2584,32.5234],[79.2973,32.4885],[79.3122,32.4871],[79.347,32.5266],[79.4303,32.5767],[79.4641,32.5927],[79.522,32.5948],[79.5536,32.6203],[79.5643,32.6708],[79.5405,32.7487],[79.5267,32.7676],[79.4712,32.8028],[79.4486,32.8892],[79.3871,32.9331],[79.3525,32.979],[79.3549,33.0306],[79.4155,33.1477],[79.4111,33.1863],[79.3868,33.2043],[79.3384,33.2043],[79.3152,33.1888],[79.2702,33.2226],[79.2514,33.2182],[79.2191,33.2398],[79.2015,33.2123],[79.1847,33.221],[79.1648,33.1968],[79.1277,33.2047],[79.075,33.2286],[79.0715,33.2382],[79.0805,33.2458],[79.0668,33.2546],[79.0666,33.2959],[78.9411,33.3901],[78.9148,33.5468],[78.91,33.5612],[78.8893,33.5748],[78.9116,33.6227],[78.9843,33.6123],[79.0586,33.6147],[79.0849,33.6195],[79.0921,33.6387],[79.0633,33.6682],[79.009,33.6946],[79.0266,33.7489],[78.9707,33.8152],[78.9348,33.915],[78.8941,33.9669],[78.942,34.0228],[78.9931,34.0404],[79.0713,34.002],[79.1512,33.9956],[79.2806,34.0132],[79.4019,33.9908],[79.4435,34.0675],[79.501,34.1346],[79.501,34.1937],[79.5792,34.2144],[79.6112,34.2496],[79.6016,34.3087],[79.5521,34.3726],[79.5313,34.4364],[79.5057,34.454],[79.5457,34.4796],[79.584,34.4604],[79.6335,34.4524],[79.6862,34.47],[79.7118,34.4923],[79.7581,34.4796],[79.7996,34.4955],[79.79,34.561],[79.8028,34.5961],[79.7868,34.6345],[79.8667,34.6824],[80.0104,34.692],[80.0855,34.7063],[80.0743,34.7591],[80.0999,34.7798],[80.1462,34.874],[80.2101,34.89],[80.1893,34.9555],[80.2372,34.997],[80.1925,35.128],[80.2292,35.1695],[80.2899,35.203],[80.2963,35.3596],[80.3933,35.4019],[80.4237,35.477],[80.2224,35.5824],[80.0947,35.4674],[80.0691,35.4227],[80.018,35.4546],[79.9829,35.5472],[80.0116,35.6111],[79.8583,35.5983],[79.8232,35.6367],[79.6954,35.6462],[79.6475,35.7644],[79.5772,35.8251],[79.5612,35.9018],[79.4494,35.8794],[79.4399,35.9912],[79.2195,35.9337],[79.0693,35.9561],[78.8745,35.9689],[78.6605,35.8347],[78.4592,35.7804],[78.3634,35.7229],[78.2452,35.7293],[78.1302,35.5664],[78.0344,35.5696],[77.9226,35.461],[77.798,35.5089],[77.715,35.4833],[77.5904,35.4706],[77.5042,35.4993],[77.4658,35.6654],[77.3221,35.7261],[77.2135,35.7197],[77.0921,35.7437],[77.0139,35.8187],[76.843,35.8555],[76.7775,35.913],[76.7743,36.0168],[76.7463,36.111],[76.6649,36.2052],[76.4285,36.2372],[76.387,36.317],[76.2305,36.3202],[76.1474,36.4192],[76.0228,36.4416],[75.9366,36.5917],[75.7194,36.761],[75.5757,36.777],[75.5214,36.7483],[75.4639,36.7451],[75.3936,36.9687],[75.2307,36.9814],[75.0901,37.0198],[74.9304,36.9878],[74.9113,36.9495],[74.8058,37.0709],[74.7036,37.0389],[74.5503,37.0581],[74.5535,36.975],[74.4193,37.0198],[74.2309,36.8952],[74.1606,36.9239],[74.1383,36.8632],[73.969,36.8345],[73.822,36.908],[73.6432,36.9303],[73.6495,36.8952],[73.7038,36.8409],[73.7997,36.8217],[73.854,36.7802],[73.8667,36.7355],[73.8348,36.7067],[73.7518,36.7387],[73.7102,36.7195],[73.624,36.7195],[73.5729,36.7419],[73.493,36.7291],[73.3716,36.7642],[73.1832,36.7131],[73.0714,36.7003],[73.0618,36.6141],[73.0267,36.547],[72.9724,36.5055],[72.9692,36.4767],[72.8861,36.4735],[72.8414,36.3713],[72.7775,36.3586],[72.6625,36.2691],[72.5763,36.2659],[72.5156,36.087],[72.5603,36.0264],[72.506,35.8986],[72.6849,35.8283],[72.8063,35.8635],[72.8414,35.8954],[72.8957,35.8635],[72.9181,35.8379],[72.9915,35.8603],[73.1481,35.8507],[73.2087,35.8251],[73.1145,35.7548],[73.4148,35.5249],[73.6475,35.5336],[73.7801,35.5273],[73.7881,35.457],[73.7354,35.4298],[73.7003,35.3596],[73.705,35.3132],[73.7434,35.2254],[73.8264,35.235],[73.8648,35.2094],[73.9159,35.2126],[73.9542,35.1647],[74.0388,35.1471],[74.1151,35.1543],[74.1103,35.1304],[74.1343,35.1224],[74.1295,35.1056],[74.0951,35.0928],[74.0752,35.0497],[74.1127,35.0258],[74.0616,34.993],[74.0736,34.9403],[74.0392,34.9156],[74.0448,34.8884],[73.9766,34.8657],[73.967,34.8377],[73.9322,34.8325],[73.9354,34.8177],[73.9266,34.8106],[73.8372,34.8142],[73.8396,34.801],[73.8268,34.7914],[73.7761,34.7942],[73.7302,34.7666],[73.6847,34.7111],[73.6847,34.692],[73.6679,34.6672],[73.7007,34.6489],[73.6615,34.6025],[73.6663,34.5722],[73.6392,34.5578],[73.6192,34.5814],[73.5617,34.589],[73.4798,34.571],[73.4607,34.575],[73.4479,34.5594],[73.4483,34.5375],[73.4331,34.5279],[73.4431,34.5051],[73.4283,34.4716],[73.4323,34.4348],[73.3996,34.3781],[73.4164,34.3494],[73.4451,34.327],[73.4507,34.2943],[73.4683,34.2799],[73.4826,34.2879],[73.4866,34.2775],[73.4755,34.2536],[73.4938,34.2088],[73.5034,34.0691],[73.5146,34.038],[73.501,34.0172],[73.5218,34.0148],[73.517,34.0004],[73.5449,33.9493],[73.5865,33.9078],[73.592,33.8886],[73.5904,33.8615],[73.5706,33.829],[73.5674,33.7891],[73.5961,33.73],[73.5674,33.6326],[73.6281,33.5655],[73.6257,33.5264],[73.6065,33.4952],[73.6257,33.4649],[73.5794,33.4074],[73.5778,33.3603],[73.6057,33.3339],[73.5993,33.3212],[73.6265,33.2445],[73.6664,33.2118],[73.6728,33.1574],[73.6241,33.1327],[73.6305,33.0936],[73.648,33.0792],[73.7503,33.056],[73.7598,33.0329],[73.7878,33.0145],[73.8285,33.0057],[73.8485,33.0265],[73.896,33.0385],[73.9265,33.0329],[74.0024,32.9538],[74.0519,32.9303],[74.0759,32.9295],[74.339,32.8097],[74.3478,32.7821],[74.3723,32.7688],[74.4155,32.7745],[74.4388,32.7881],[74.4452,32.8041],[74.4638,32.7767],[74.5315,32.7407],[74.5671,32.7552],[74.6142,32.7577],[74.6415,32.7919],[74.642,32.8229],[74.697,32.8397],[74.6946,32.8095],[74.6501,32.7184],[74.6542,32.6925],[74.6762,32.658],[74.6422,32.611],[74.6524,32.5602],[74.6805,32.5382],[74.6867,32.4931],[74.7482,32.4792],[74.8353,32.4962],[74.8767,32.4856],[74.8997,32.4661],[74.9336,32.4676],[74.9731,32.4479],[74.9879,32.4496],[75.0302,32.4918],[75.0826,32.48],[75.1209,32.4415],[75.1279,32.4212],[75.1476,32.4134],[75.1885,32.4245],[75.1955,32.4053],[75.2315,32.3992],[75.3304,32.3317],[75.3399,32.2886],[75.367,32.2687],[75.357,32.2519],[75.3632,32.2347],[75.3462,32.218],[75.3142,32.2149],[75.3333,32.2047],[75.3172,32.1928],[75.3142,32.1592],[75.2833,32.1422],[75.272,32.1128],[75.2334,32.0844],[75.2236,32.0911],[75.2227,32.1125],[75.1953,32.1166],[75.1851,32.0838],[75.1645,32.068],[75.1444,32.0829],[75.1163,32.0828],[75.0922,32.0595],[75.069,32.0585],[75.0508,32.0413],[75.0034,32.0287],[74.9638,32.0431],[74.9603,32.055],[74.9143,32.0652],[74.8989,32.0499],[74.8623,32.0451],[74.8651,32.0239],[74.8403,32.0203],[74.8457,32.0092],[74.8184,31.9975],[74.8091,31.9551],[74.8014,31.9618],[74.7595,31.9462],[74.7477,31.9523],[74.7359,31.9374],[74.7092,31.9579],[74.7033,31.9249],[74.6599,31.9182],[74.6508,31.8981],[74.6266,31.8829],[74.5991,31.8851],[74.5805,31.8435],[74.5557,31.8277],[74.5549,31.7916],[74.544,31.7764],[74.5518,31.7532],[74.518,31.7452],[74.5173,31.7229],[74.5785,31.6234],[74.6009,31.5678],[74.6039,31.5341],[74.5748,31.5212],[74.5662,31.5008],[74.6265,31.4867],[74.6207,31.478],[74.6421,31.46],[74.6253,31.4236],[74.5946,31.3971],[74.5519,31.2985],[74.5302,31.2987],[74.5111,31.2723],[74.5222,31.2475],[74.5113,31.2313],[74.5095,31.187],[74.5013,31.1816],[74.5046,31.1385],[74.5265,31.1224],[74.5424,31.1228],[74.5464,31.0886],[74.5658,31.0843],[74.5827,31.0948],[74.5965,31.0909],[74.595,31.135],[74.6252,31.1373],[74.6312,31.1213],[74.6511,31.1349],[74.659,31.1274],[74.6766,31.131],[74.6944,31.0982],[74.6832,31.0722],[74.656,31.0545],[74.6002,31.0435],[74.5717,31.0674],[74.5584,31.0675],[74.5318,31.0127],[74.5381,30.9935],[74.4966,30.9672],[74.4706,30.966],[74.4207,30.9259],[74.4161,30.906],[74.3655,30.8854],[74.372,30.8529],[74.363,30.8458],[74.3427,30.8545],[74.3161,30.8476],[74.3076,30.8211],[74.2858,30.7996],[74.2974,30.7827],[74.2622,30.768],[74.2818,30.7302],[74.2322,30.7196],[74.1861,30.6594],[74.1508,30.6325],[74.1184,30.6322],[74.1089,30.6057],[74.091,30.6128],[74.0926,30.5754],[74.0679,30.5549],[74.0844,30.545],[74.0776,30.5294],[74.0665,30.5202],[74.034,30.5363],[73.9836,30.5005],[73.9627,30.4576],[73.9353,30.463],[73.9279,30.4209],[73.9034,30.4168],[73.8732,30.3834],[73.8713,30.3686],[73.9085,30.3367],[73.9578,30.2617],[73.9663,30.195],[73.958,30.1857],[73.8955,30.1494],[73.7872,30.0664],[73.6112,30.0224],[73.3914,29.9379],[73.2713,29.557],[73.0893,29.2491],[73.0,29.1474],[72.9438,29.0299],[72.7113,28.935],[72.3847,28.7639],[72.302,28.6648],[72.2088,28.4],[72.1844,28.358],[72.1261,28.3035],[71.9959,28.207],[71.9333,28.1269],[71.8974,27.9574],[71.6583,27.8689],[71.4097,27.8658],[71.273,27.8419],[71.1737,27.812],[70.9069,27.7006],[70.8842,27.6984],[70.7577,27.7172],[70.6784,27.8391],[70.6721,27.9143],[70.5626,28.0198],[70.5303,28.0325],[70.4838,28.034],[70.3662,28.0082],[70.3029,27.9462],[70.2076,27.8854],[70.157,27.834],[70.1078,27.7669],[70.0163,27.556],[69.9362,27.5021],[69.862,27.4028],[69.6659,27.2514],[69.5781,27.1655],[69.5132,27.0169],[69.4837,26.8062],[69.5077,26.7485],[69.7219,26.6538],[69.8154,26.5922],[69.8793,26.5811],[70.0662,26.5993],[70.1389,26.5744],[70.1678,26.5506],[70.1839,26.4868],[70.1783,26.3498],[70.1646,26.2909],[70.1727,26.2451],[70.1452,26.1662],[70.0826,26.0739],[70.0961,25.9443],[70.178,25.8195],[70.2445,25.7663],[70.2796,25.7013],[70.3997,25.6638],[70.5362,25.6767],[70.6171,25.7066],[70.666,25.6972],[70.6811,25.6608],[70.6762,25.5239],[70.6879,25.5173],[70.6742,25.3893],[70.7443,25.321],[70.7664,25.2649],[70.8943,25.1441],[70.9455,24.9345],[71.0236,24.8212],[71.0729,24.712],[71.1071,24.6807],[71.0608,24.6464],[71.0205,24.6305],[71.0006,24.5992],[70.9983,24.5413],[71.0153,24.5228],[71.0076,24.4422],[71.0286,24.4334],[71.1189,24.431],[71.1337,24.4089],[71.125,24.3929],[71.0883,24.3815],[71.0472,24.3473],[71.013,24.3469],[70.9984,24.3606],[70.9597,24.3462],[70.8851,24.2908],[70.8871,24.2724],[70.9011,24.2627],[70.8941,24.2571],[70.8058,24.2227],[70.7258,24.2209],[70.6553,24.2251],[70.5742,24.2523],[70.5724,24.2649],[70.5878,24.2854],[70.5723,24.2936],[70.5874,24.3101],[70.5721,24.3445],[70.592,24.3586],[70.6119,24.4005],[70.5749,24.4203],[70.5601,24.4186],[70.3703,24.3535],[70.119,24.2907],[70.0593,24.1928],[70.0241,24.1694],[69.9787,24.1651],[69.7246,24.1751],[69.6007,24.2778],[69.5012,24.255],[69.4316,24.2737],[69.3619,24.2662],[69.3103,24.2767],[69.1998,24.2352],[69.0929,24.2691],[69.0005,24.2259],[68.9706,24.2375],[68.9472,24.2766],[68.922,24.2586],[68.9041,24.2092],[68.8875,24.1959],[68.8696,24.209],[68.8477,24.2084],[68.8264,24.3084],[68.7675,24.2897],[68.7596,24.0358],[68.7492,23.962],[68.5468,23.9632],[68.5374,23.9468],[68.5587,23.924],[68.5885,23.9224],[68.5874,23.9407],[68.596,23.9418],[68.6143,23.9226],[68.6224,23.9274],[68.6199,23.9065],[68.6382,23.9032],[68.6632,23.9174],[68.6385,23.8949],[68.6135,23.9032],[68.5729,23.881],[68.5471,23.8362],[68.5149,23.824],[68.526,23.8021],[68.5374,23.8151],[68.5154,23.7854],[68.5335,23.756],[68.599,23.8476],[68.6049,23.8382],[68.6387,23.8362],[68.666,23.8521],[68.6601,23.8585],[68.7162,23.8574],[68.7613,23.8749],[68.7251,23.8479],[68.7371,23.8432],[68.7232,23.831],[68.7426,23.8438],[68.7426,23.8371],[68.6663,23.8085],[68.6326,23.7579],[68.6035,23.7488],[68.5954,23.7301],[68.559,23.7196],[68.5462,23.6968],[68.5249,23.6907],[68.5201,23.6546],[68.5385,23.6615],[68.5232,23.6513],[68.5174,23.6607],[68.5007,23.6571],[68.4887,23.6324],[68.4949,23.6076],[68.4874,23.5779],[68.4974,23.5474],[68.484,23.5482],[68.499,23.5151],[68.4918,23.501],[68.5038,23.506],[68.499,23.494],[68.5188,23.4896],[68.5024,23.4918],[68.5004,23.476],[68.5121,23.4671],[68.5024,23.4654],[68.5232,23.4465],[68.5163,23.4751],[68.541,23.4257],[68.5326,23.4335],[68.5357,23.4212],[68.5607,23.4188],[68.5587,23.3868],[68.5796,23.376],[68.5682,23.3882],[68.581,23.3899],[68.6024,23.3593],[68.596,23.3821],[68.606,23.381],[68.6196,23.3654],[68.6146,23.359],[68.6371,23.3463],[68.6246,23.339],[68.6524,23.3029],[68.659,23.3232],[68.6687,23.3254],[68.6588,23.3035],[68.7085,23.3149],[68.724,23.2971],[68.7343,23.309],[68.7474,23.3062],[68.7582,23.3304],[68.7482,23.304],[68.7351,23.3085],[68.724,23.2954],[68.696,23.3074],[68.6301,23.2957],[68.6407,23.2665],[68.6718,23.2701],[68.6404,23.2446],[68.6038,23.2429],[68.619,23.2199],[68.6399,23.2224],[68.6307,23.2132],[68.6012,23.2185],[68.599,23.2404],[68.5854,23.2346],[68.5915,23.214],[68.6815,23.1421],[68.6554,23.1537],[68.6335,23.1776],[68.659,23.1499],[68.7593,23.0804],[68.8082,23.0607],[68.8146,23.0674],[68.8374,23.0426],[69.1907,22.8412],[69.2232,22.836],[69.2285,22.8424],[69.2307,22.8346],[69.2668,22.824],[69.3143,22.8326],[69.3485,22.8204],[69.3557,22.8288],[69.3521,22.8176],[69.3913,22.8135],[69.4696,22.7737],[69.4938,22.7812],[69.4846,22.7879],[69.5446,22.7857],[69.5551,22.7924],[69.5632,22.7737],[69.6007,22.759],[69.6093,22.7671],[69.6413,22.7665],[69.6338,22.7954],[69.6432,22.7657],[69.6593,22.7565],[69.6668,22.7774],[69.6626,22.7565],[69.706,22.7404],[69.7035,22.7279],[69.7468,22.7938],[69.7526,22.8199],[69.7985,22.8507],[69.8538,22.8682],[69.8621,22.8585],[69.8574,22.8696],[69.8668,22.8729],[69.9057,22.8662],[69.9371,22.8932],[69.996,22.9029],[70.0326,22.8954],[70.106,22.909],[70.1321,22.9246],[70.139,22.9413],[70.1113,22.9496],[70.0999,22.9382],[70.091,22.9526],[70.1012,22.9418],[70.1096,22.9524],[70.1265,22.9465],[70.111,22.9601],[70.1126,22.9735],[70.1532,23.0296],[70.129,22.9921],[70.134,22.9849],[70.1232,22.9607],[70.1618,22.9426],[70.2199,22.9565],[70.2243,22.9632],[70.2007,22.9815],[70.1979,22.994],[70.1862,22.9918],[70.1979,22.9985],[70.2062,22.9801],[70.2271,22.966],[70.2376,22.9796],[70.2793,22.9488],[70.3074,22.9513],[70.3101,22.9415],[70.3476,22.9304],[70.3868,22.9482],[70.3946,22.9954],[70.3826,22.9979],[70.3938,23.0015],[70.4004,23.0299],[70.4374,23.0624],[70.4935,23.0751],[70.4713,23.0118],[70.4376,22.9751],[70.4235,22.9326],[70.4135,22.9182],[70.3851,22.9099],[70.3537,22.8707],[70.3374,22.8246],[70.3004,22.7782],[70.3071,22.7785],[70.3032,22.7576],[70.2826,22.7488],[70.2887,22.746],[70.276,22.7313],[70.2529,22.7335],[70.2551,22.7065],[70.2465,22.7115],[70.2385,22.7018],[70.2532,22.6929],[70.2387,22.6782],[70.2468,22.6718],[70.2429,22.6626],[70.229,22.6574],[70.2351,22.6499],[70.226,22.6399],[70.2162,22.6415],[70.2199,22.6296],[70.1976,22.6171],[70.2032,22.6054],[70.1943,22.6038],[70.1943,22.5829],[70.1882,22.5854],[70.1629,22.5515],[70.0646,22.5468],[70.039,22.5629],[70.0235,22.5396],[70.0268,22.551],[69.9762,22.5432],[69.9857,22.5415],[69.9829,22.5349],[69.984,22.5418],[69.9735,22.5407],[69.946,22.5285],[69.9449,22.5149],[69.959,22.5093],[69.9574,22.4954],[69.9349,22.5126],[69.9126,22.4882],[69.914,22.4562],[69.9004,22.4679],[69.8701,22.4465],[69.8363,22.454],[69.8432,22.4949],[69.8343,22.5007],[69.8415,22.4929],[69.8326,22.451],[69.8276,22.4582],[69.7971,22.4571],[69.829,22.4449],[69.811,22.4085],[69.7976,22.3999],[69.7596,22.4415],[69.7557,22.4262],[69.7446,22.4307],[69.7349,22.4438],[69.7404,22.459],[69.7282,22.4738],[69.7035,22.4471],[69.701,22.4574],[69.6882,22.4443],[69.6749,22.4421],[69.6718,22.4507],[69.6718,22.4393],[69.6979,22.4429],[69.7021,22.4337],[69.6924,22.4199],[69.6993,22.396],[69.664,22.3938],[69.6546,22.359],[69.6179,22.3685],[69.6068,22.3257],[69.609,22.3493],[69.6074,22.3385],[69.6049,22.3513],[69.5818,22.3463],[69.5757,22.319],[69.5718,22.3343],[69.5912,22.361],[69.5757,22.3685],[69.5618,22.3557],[69.5504,22.3724],[69.5574,22.3754],[69.5507,22.4049],[69.4982,22.4357],[69.5151,22.4168],[69.5238,22.3857],[69.4901,22.3557],[69.4885,22.3379],[69.4674,22.3301],[69.4543,22.3357],[69.4193,22.3157],[69.3832,22.3224],[69.3646,22.3165],[69.3343,22.3304],[69.3363,22.3082],[69.3199,22.2912],[69.2326,22.2579],[69.2026,22.2665],[69.1579,22.3129],[69.1676,22.3451],[69.1762,22.3476],[69.1787,22.3779],[69.1982,22.3876],[69.2043,22.4018],[69.1937,22.4082],[69.194,22.4237],[69.1757,22.4243],[69.129,22.3979],[69.1026,22.4101],[69.0915,22.3946],[69.0693,22.3957],[69.0437,22.4326],[69.0735,22.4521],[69.0854,22.4724],[69.0674,22.4801],[69.0599,22.4674],[69.0062,22.4385],[68.9568,22.3665],[68.9565,22.3382],[68.9426,22.3329],[68.936,22.3121],[68.9579,22.2579],[68.954,22.2437],[69.2365,21.9382],[69.591,21.6354],[69.5876,21.621],[69.5899,21.6374],[69.6021,21.6374],[69.6885,21.5501],[69.7107,21.5393],[69.7201,21.5435],[69.7235,21.5724],[69.6326,21.6429],[69.6918,21.6143],[69.7012,21.6032],[69.6932,21.6024],[69.6968,21.5929],[69.7174,21.6026],[69.6757,21.6388],[69.7051,21.6474],[69.7135,21.6321],[69.7149,21.6401],[69.7254,21.6324],[69.7376,21.6504],[69.7643,21.5788],[69.7479,21.5749],[69.7493,21.5613],[69.7265,21.5565],[69.7296,21.5421],[69.7129,21.5285],[69.7751,21.4599],[69.7957,21.4526],[69.8051,21.4638],[69.7999,21.4521],[69.7793,21.4551],[70.0088,21.1965],[70.0285,21.1788],[70.0382,21.1835],[70.0318,21.1746],[70.0465,21.1565],[70.0996,21.1046],[70.1329,21.0796],[70.136,21.0857],[70.1471,21.0799],[70.1379,21.0779],[70.1421,21.0693],[70.1804,21.0357],[70.2262,20.999],[70.2404,20.9996],[70.2382,20.9937],[70.2476,21.0004],[70.2396,20.9926],[70.2515,20.979],[70.3207,20.9274],[70.3451,20.9157],[70.3512,20.9207],[70.3512,20.9101],[70.3737,20.8949],[70.3726,20.9026],[70.4065,20.8826],[70.4171,20.8871],[70.4129,20.8754],[70.4474,20.8479],[70.6146,20.7699],[70.6571,20.7646],[70.6663,20.7524],[70.6629,20.7621],[70.6735,20.7646],[70.7035,20.7379],[70.7438,20.7199],[70.7663,20.7213],[70.8037,20.7007],[70.8165,20.719],[70.8288,20.7093],[70.8274,20.6974],[70.8074,20.7001],[70.8382,20.6901],[70.8412,20.706],[70.874,20.7049],[70.8726,20.7243],[70.8576,20.7421],[70.8624,20.7521],[70.8529,20.754],[70.8632,20.7549],[70.8749,20.7268],[70.9199,20.7435],[70.9176,20.7354],[70.8824,20.7287],[70.8746,20.709],[70.8943,20.7074],[70.8993,20.6988],[70.914,20.699],[70.9251,20.7118],[70.9771,20.7015],[70.9976,20.7157],[70.9676,20.7285],[70.9624,20.7218],[70.9638,20.7329],[70.9546,20.7349],[70.9615,20.7412],[70.9987,20.7429],[70.9868,20.7221],[71.011,20.7399],[71.0457,20.731],[71.0738,20.7354],[71.086,20.7562],[71.1549,20.7593],[71.1482,20.7657],[71.1557,20.7785],[71.2021,20.7885],[71.209,20.8021],[71.2326,20.804],[71.3226,20.8463],[71.3846,20.8571],[71.3779,20.874],[71.396,20.8651],[71.4382,20.8687],[71.4485,20.8815],[71.4774,20.8901],[71.4826,20.9065],[71.4951,20.9076],[71.4882,20.9149],[71.5149,20.9212],[71.5065,20.9318],[71.5149,20.9482],[71.534,20.9432],[71.5796,20.954],[71.6118,20.9674],[71.6126,20.9757],[71.621,20.9676],[71.636,20.9732],[71.6385,20.9899],[71.6518,20.9971],[71.6796,20.9974],[71.7193,21.0215],[71.7288,21.0135],[71.764,21.0212],[71.7857,21.0318],[71.7782,21.0399],[71.8068,21.0379],[71.7968,21.0579],[71.8199,21.0721],[71.879,21.0896],[71.8993,21.1093],[71.9601,21.1246],[71.9768,21.121],[71.974,21.129],[71.9915,21.1426],[71.9857,21.1568],[72.0107,21.186],[72.0238,21.1799],[71.9968,21.1474],[72.0082,21.1326],[72.0182,21.1543],[72.0465,21.159],[72.0557,21.174],[72.1137,21.1965],[72.1143,21.2118],[72.1051,21.2154],[72.1124,21.2226],[72.091,21.2265],[72.0818,21.2465],[72.0982,21.264],[72.0974,21.2771],[72.0829,21.2915],[72.0751,21.2888],[72.0762,21.3026],[72.0826,21.2954],[72.0863,21.3043],[72.1018,21.2779],[72.109,21.2829],[72.1215,21.3254],[72.1765,21.3965],[72.2232,21.4387],[72.2538,21.5012],[72.269,21.5738],[72.306,21.6285],[72.2471,21.7512],[72.2412,21.7874],[72.2154,21.8021],[72.2051,21.8224],[72.1829,21.8238],[72.2032,21.8249],[72.2188,21.8018],[72.2457,21.7924],[72.266,21.7418],[72.2532,21.8974],[72.2196,21.9482],[72.1901,21.9371],[72.1671,21.9549],[72.1471,21.9549],[72.161,21.9618],[72.1465,21.9835],[72.1907,21.9424],[72.2213,21.9565],[72.231,22.0076],[72.2137,21.999],[72.2004,22.0043],[72.1971,22.0168],[72.1799,22.019],[72.1724,22.0415],[72.186,22.0196],[72.196,22.0226],[72.2096,22.0104],[72.2232,22.021],[72.2326,22.0176],[72.2332,22.0538],[72.2782,22.0804],[72.2654,22.1054],[72.2774,22.0907],[72.3001,22.1087],[72.2982,22.0638],[72.2865,22.0743],[72.2415,22.0496],[72.2607,22.0193],[72.2518,21.9874],[72.2615,21.981],[72.2632,21.9465],[72.2785,21.9321],[72.271,21.9676],[72.2799,21.9643],[72.3154,22.0996],[72.3112,22.1115],[72.3238,22.1301],[72.3104,22.1446],[72.3126,22.1807],[72.3001,22.186],[72.2943,22.2024],[72.3171,22.1821],[72.3162,22.1465],[72.3396,22.1388],[72.3435,22.1249],[72.3568,22.1501],[72.344,22.1685],[72.3535,22.1651],[72.3576,22.1929],[72.359,22.1726],[72.3721,22.1718],[72.376,22.1499],[72.3865,22.1724],[72.3915,22.1679],[72.3863,22.1893],[72.3621,22.2051],[72.3601,22.2251],[72.371,22.2451],[72.3562,22.2712],[72.3799,22.2574],[72.3776,22.2257],[72.3996,22.1993],[72.4165,22.2274],[72.414,22.2971],[72.3832,22.2999],[72.3724,22.3165],[72.379,22.336],[72.4043,22.3524],[72.3824,22.3754],[72.3624,22.3763],[72.3938,22.3826],[72.4124,22.3585],[72.3887,22.3104],[72.4351,22.3012],[72.4707,22.2387],[72.4929,22.2482],[72.4924,22.2387],[72.4776,22.2351],[72.4926,22.2371],[72.4788,22.2285],[72.4851,22.2226],[72.4737,22.2013],[72.486,22.1974],[72.5243,22.2454],[72.5254,22.2685],[72.5426,22.281],[72.5537,22.2782],[72.5376,22.2743],[72.541,22.2571],[72.5332,22.2462],[72.5413,22.2432],[72.5574,22.2593],[72.5599,22.246],[72.596,22.2735],[72.6354,22.2846],[72.6563,22.279],[72.6879,22.2385],[72.7521,22.231],[72.8438,22.2824],[72.8529,22.2813],[72.8651,22.2435],[72.8893,22.244],[72.9093,22.2588],[72.916,22.2782],[72.9196,22.2607],[72.9104,22.2432],[72.8779,22.2238],[72.8087,22.246],[72.754,22.1732],[72.7001,22.1843],[72.6474,22.2171],[72.5915,22.2079],[72.5476,22.1507],[72.5049,21.981],[72.5049,21.9096],[72.5168,21.8893],[72.5171,21.8585],[72.5699,21.8243],[72.5521,21.7924],[72.5404,21.7357],[72.5215,21.7065],[72.5179,21.7146],[72.5188,21.7021],[72.5074,21.7013],[72.5224,21.6924],[72.5082,21.6899],[72.5218,21.6899],[72.5474,21.6585],[72.6004,21.6815],[72.7113,21.6785],[72.7363,21.6896],[72.7799,21.6632],[72.8351,21.6679],[72.7874,21.6451],[72.7521,21.6501],[72.7204,21.639],[72.701,21.6518],[72.6751,21.629],[72.6293,21.6177],[72.6057,21.5788],[72.6093,21.5521],[72.6032,21.5596],[72.5974,21.5524],[72.6051,21.5368],[72.6104,21.5421],[72.6085,21.5293],[72.6207,21.5304],[72.6121,21.524],[72.6257,21.4924],[72.6832,21.5429],[72.706,21.5321],[72.7371,21.5404],[72.7337,21.5557],[72.7424,21.5501],[72.7329,21.5365],[72.674,21.5204],[72.671,21.5146],[72.6821,21.516],[72.6712,21.5118],[72.6451,21.4337],[72.6968,21.4646],[72.6801,21.4337],[72.6251,21.381],[72.6232,21.3651],[72.6396,21.376],[72.6496,21.3682],[72.6435,21.3585],[72.6479,21.3724],[72.6379,21.3735],[72.594,21.3135],[72.5885,21.2857],[72.5985,21.2799],[72.5874,21.2757],[72.6049,21.2774],[72.5965,21.2718],[72.5971,21.2501],[72.6096,21.2299],[72.6221,21.2335],[72.6465,21.2196],[72.6532,21.2268],[72.6468,21.2174],[72.6185,21.2226],[72.6246,21.0918],[72.6343,21.0821],[72.6271,21.076],[72.6515,21.0768],[72.659,21.0879],[72.6615,21.1468],[72.6813,21.1585],[72.7207,21.1432],[72.7076,21.1304],[72.7001,21.101],[72.7051,21.074],[72.751,21.0621],[72.7704,21.0668],[72.7607,21.0518],[72.7265,21.0535],[72.7237,21.0362],[72.7685,20.9193],[72.7782,20.9149],[72.7721,20.9363],[72.7937,20.9451],[72.7854,20.9232],[72.7918,20.8965],[72.8257,20.8143],[72.8507,20.799],[72.8388,20.7988],[72.8346,20.7818],[72.8668,20.7482],[72.881,20.7421],[72.8896,20.7482],[72.8899,20.739],[72.8701,20.7326],[72.851,20.7415],[72.8754,20.6513],[72.8924,20.6332],[72.8865,20.6288],[72.8976,20.5871],[72.8851,20.5462],[72.8918,20.5313],[72.8849,20.4999],[72.8676,20.4885],[72.8593,20.4649],[72.8326,20.446],[72.8226,20.3676],[72.7757,20.3335],[72.7746,20.3038],[72.7557,20.2921],[72.7404,20.2429],[72.7482,20.2015],[72.7382,20.1146],[72.726,20.0815],[72.7076,20.0701],[72.7215,20.0012],[72.7162,19.9724],[72.7329,19.9612],[72.7379,19.9443],[72.7535,19.9429],[72.7549,19.9274],[72.7524,19.941],[72.7343,19.9426],[72.7199,19.9688],[72.6901,19.9582],[72.6643,19.9329],[72.6771,19.9193],[72.6813,19.8651],[72.6701,19.8518],[72.6518,19.8585],[72.6507,19.8396],[72.6596,19.8207],[72.6796,19.8135],[72.6871,19.7943],[72.6885,19.8057],[72.6957,19.8049],[72.6854,19.7601],[72.6935,19.7357],[72.7068,19.7324],[72.7193,19.7551],[72.7087,19.7263],[72.6937,19.7293],[72.7099,19.7068],[72.7129,19.6446],[72.7379,19.5979],[72.7126,19.596],[72.7182,19.5388],[72.7649,19.5043],[72.7835,19.5163],[72.784,19.5257],[72.7754,19.5265],[72.7862,19.526],[72.7801,19.4913],[72.7446,19.4629],[72.766,19.3932],[72.7576,19.376],[72.799,19.3313],[72.7782,19.279],[72.7812,19.1946],[72.7932,19.1951],[72.804,19.2187],[72.7985,19.2232],[72.8365,19.2512],[72.8396,19.2674],[72.8396,19.2507],[72.7968,19.199],[72.7946,19.1721],[72.7801,19.1663],[72.789,19.1501],[72.7862,19.1296],[72.7935,19.1299],[72.8026,19.1451],[72.7979,19.156],[72.8043,19.151],[72.8276,19.1835],[72.831,19.1776],[72.8035,19.1415],[72.8215,19.1221],[72.8268,19.094],[72.8162,19.0418],[72.8243,19.0376],[72.8349,19.0499],[72.8382,19.0393],[72.8265,19.0185],[72.8146,19.0271],[72.814,18.9818],[72.7918,18.9507],[72.7932,18.9387],[72.8082,18.9549],[72.8235,18.9415],[72.8185,18.9249],[72.8254,18.9196],[72.8037,18.9085],[72.8076,18.891],[72.8449,18.9249],[72.8382,18.9285],[72.8621,19.0029],[72.8851,19.009],[72.886,18.9996],[72.9093,18.9912],[72.9068,18.9993],[72.9554,19.0276],[72.9632,19.0585],[72.9935,19.0585],[73.0029,19.0015],[73.0323,18.9993],[73.0163,18.9801],[72.9793,18.9626],[72.9557,18.974],[72.9393,18.946],[72.9613,18.9232],[72.9576,18.9085],[72.9424,18.9093],[72.9418,18.8954],[72.9274,18.9115],[72.9079,18.9021],[72.9265,18.851],[72.9474,18.8465],[72.9885,18.8663],[72.9807,18.8507],[72.9826,18.8096],[72.9699,18.7901],[72.9407,18.8279],[72.9163,18.7924],[72.9007,18.804],[72.8874,18.7982],[72.8693,18.8046],[72.8551,18.6968],[72.8704,18.6396],[72.9018,18.6326],[72.884,18.6385],[72.8854,18.6263],[72.9285,18.5418],[72.9174,18.529],[72.9046,18.5393],[72.9112,18.5032],[72.8954,18.4726],[72.9065,18.4026],[72.926,18.3879],[72.9262,18.3729],[72.9112,18.3668],[72.9174,18.3485],[72.9343,18.351],[72.934,18.3429],[72.9499,18.3374],[72.961,18.3196],[72.956,18.3151],[72.9815,18.2999],[72.9929,18.2735],[73.0113,18.284],[73.0279,18.2643],[73.0546,18.2704],[73.0401,18.3015],[73.0682,18.3049],[73.0879,18.3268],[73.0776,18.2985],[73.0863,18.2879],[73.0768,18.2985],[73.0429,18.299],[73.0679,18.2701],[73.0615,18.251],[73.0804,18.2313],[73.0757,18.1999],[73.0596,18.1907],[73.0915,18.1679],[73.0837,18.1618],[73.0871,18.1504],[73.0793,18.1624],[73.0726,18.1565],[73.0771,18.1649],[73.0554,18.1882],[73.0707,18.2074],[73.0693,18.2221],[73.0179,18.2457],[72.9815,18.2421],[72.9646,18.2801],[72.9351,18.281],[72.9426,18.2468],[72.931,18.2204],[72.9557,18.2196],[72.9876,18.1951],[72.979,18.1926],[72.9904,18.1579],[72.971,18.1321],[73.0029,18.0757],[72.9899,18.0551],[73.0049,18.0526],[73.0157,18.0321],[73.0251,18.0504],[73.0404,18.0532],[73.0215,18.0393],[73.0296,18.0321],[73.0454,18.0415],[73.0235,18.0237],[73.0021,18.0212],[73.0168,18.0065],[73.0179,17.991],[73.0385,17.9835],[73.0296,17.9443],[73.0415,17.9324],[73.0704,17.929],[73.0924,17.9407],[73.0724,17.9274],[73.0521,17.929],[73.0501,17.9068],[73.0635,17.8907],[73.076,17.8968],[73.0713,17.8888],[73.0901,17.844],[73.1251,17.8368],[73.134,17.8251],[73.1249,17.836],[73.0893,17.8415],[73.0949,17.821],[73.0885,17.8082],[73.0957,17.811],[73.1121,17.7896],[73.1351,17.7162],[73.1357,17.7076],[73.114,17.6943],[73.1349,17.6482],[73.1271,17.6371],[73.1437,17.6018],[73.1685,17.5824],[73.1632,17.5685],[73.1404,17.5685],[73.1371,17.556],[73.184,17.5057],[73.1937,17.4685],[73.186,17.4418],[73.2057,17.439],[73.1868,17.4307],[73.1787,17.4068],[73.1671,17.4051],[73.1765,17.3874],[73.2071,17.3843],[73.2199,17.3565],[73.2146,17.3457],[73.2268,17.3343],[73.2188,17.3293],[73.2426,17.3188],[73.244,17.3074],[73.2276,17.2815],[73.2221,17.3029],[73.2049,17.2987],[73.1957,17.3068],[73.1893,17.2979],[73.2024,17.2882],[73.2043,17.2687],[73.2118,17.2757],[73.2235,17.2665],[73.2232,17.2476],[73.231,17.2468],[73.2471,17.2104],[73.2451,17.1965],[73.2312,17.1982],[73.2524,17.1899],[73.2724,17.1218],[73.266,17.1129],[73.2835,17.1132],[73.2832,17.0796],[73.2982,17.0785],[73.2882,17.0754],[73.2785,17.0404],[73.2901,17.0476],[73.3199,17.0382],[73.2843,17.0401],[73.2804,17.0321],[73.2932,17.0226],[73.2893,17.0068],[73.2899,17.0218],[73.2754,17.0254],[73.266,17.0476],[73.2557,17.0474],[73.2543,17.0274],[73.2574,17.0196],[73.2763,17.0235],[73.2838,17.0121],[73.2829,17.001],[73.2693,17.0001],[73.271,16.9865],[73.2799,16.9924],[73.2943,16.986],[73.2771,16.8921],[73.2937,16.8979],[73.3135,16.889],[73.2857,16.8807],[73.2949,16.8621],[73.2879,16.8435],[73.2954,16.8168],[73.3112,16.8068],[73.3265,16.8207],[73.3332,16.8165],[73.3176,16.806],[73.3076,16.7801],[73.3054,16.7293],[73.3182,16.6965],[73.3396,16.6857],[73.3296,16.6857],[73.3332,16.6535],[73.3218,16.6424],[73.3399,16.6382],[73.3421,16.6282],[73.3307,16.6201],[73.3518,16.6251],[73.3407,16.6054],[73.3526,16.5965],[73.3307,16.6085],[73.3168,16.601],[73.324,16.5818],[73.3449,16.5763],[73.3426,16.5663],[73.3624,16.5685],[73.3562,16.5554],[73.394,16.5538],[73.3457,16.5565],[73.3507,16.5435],[73.3729,16.5399],[73.3543,16.5393],[73.3579,16.5263],[73.3901,16.5099],[73.3668,16.5132],[73.349,16.5043],[73.364,16.516],[73.3468,16.5299],[73.3335,16.5624],[73.3176,16.5562],[73.3101,16.5379],[73.3493,16.4479],[73.3649,16.4396],[73.3571,16.4399],[73.3654,16.3976],[73.4054,16.4049],[73.4013,16.3896],[73.3882,16.3949],[73.3743,16.3765],[73.3712,16.3899],[73.3679,16.3635],[73.4112,16.3621],[73.3974,16.3549],[73.3893,16.3621],[73.3854,16.3365],[73.3954,16.3318],[73.3938,16.3146],[73.4104,16.2779],[73.4168,16.2924],[73.4171,16.2857],[73.4357,16.2865],[73.4149,16.2832],[73.411,16.2735],[73.4279,16.201],[73.4474,16.2246],[73.4424,16.2068],[73.449,16.2079],[73.4357,16.199],[73.4574,16.121],[73.4571,16.0807],[73.4676,16.0713],[73.4549,16.0551],[73.4832,16.036],[73.4887,15.9879],[73.506,15.9682],[73.5015,15.9554],[73.5101,15.9371],[73.5371,15.9376],[73.5687,15.9126],[73.5904,15.9124],[73.6129,15.8546],[73.6212,15.8588],[73.6296,15.8457],[73.6365,15.8154],[73.6526,15.794],[73.6624,15.8046],[73.6543,15.7876],[73.6632,15.7576],[73.6746,15.7532],[73.6485,15.7457],[73.6901,15.7185],[73.7329,15.6168],[73.746,15.6268],[73.7549,15.6174],[73.7451,15.6054],[73.7312,15.6085],[73.7312,15.5904],[73.7513,15.5571],[73.7646,15.4946],[73.8054,15.4949],[73.8046,15.4651],[73.7879,15.4612],[73.8032,15.4499],[73.849,15.4521],[73.8615,15.4285],[73.8843,15.4327],[73.8968,15.4149],[73.8768,15.3968],[73.8454,15.3999],[73.8396,15.411],[73.8282,15.4035],[73.8168,15.411],[73.8093,15.401],[73.7921,15.4188],[73.7826,15.4104],[73.791,15.394],[73.8063,15.3926],[73.8082,15.3768],[73.841,15.3604],[73.8735,15.3701],[73.8949,15.3318],[73.9485,15.146],[73.9351,15.1324],[73.9357,15.1126],[73.9174,15.1082],[73.9262,15.0968],[73.9118,15.084],[73.926,15.0857],[73.9668,15.066],[73.9715,15.0518],[73.9851,15.0463],[73.989,15.0201],[74.0074,15.0179],[74.0137,15.0065],[74.0176,15.014],[74.0385,14.986],[74.0501,14.9882],[74.0343,14.9838],[74.0535,14.9582],[74.0429,14.9482],[74.0429,14.9185],[74.096,14.8976],[74.1126,14.846],[74.1248,14.846],[74.114,14.8532],[74.131,14.8462],[74.1235,14.8049],[74.1118,14.7968],[74.1132,14.8076],[74.0946,14.8065],[74.0954,14.7988],[74.1188,14.7863],[74.119,14.7749],[74.1438,14.7771],[74.1574,14.7607],[74.1532,14.746],[74.1668,14.7665],[74.1637,14.7529],[74.1813,14.7485],[74.2049,14.7179],[74.2065,14.7374],[74.2282,14.7371],[74.2326,14.7479],[74.2496,14.7396],[74.2674,14.7132],[74.2565,14.7065],[74.2693,14.7024],[74.2818,14.6779],[74.2754,14.6604],[74.2829,14.6635],[74.284,14.631],[74.2696,14.6268],[74.2946,14.6015],[74.3138,14.5446],[74.3096,14.5207],[74.3412,14.5138],[74.356,14.5221],[74.3354,14.5649],[74.3404,14.5687],[74.3543,14.5429],[74.3565,14.5626],[74.3776,14.5724],[74.3646,14.5538],[74.3832,14.5518],[74.384,14.5307],[74.3935,14.5293],[74.3843,14.5237],[74.3732,14.5371],[74.3796,14.5246],[74.369,14.5274],[74.3538,14.5029],[74.3799,14.4496],[74.3818,14.4213],[74.3962,14.4096],[74.4418,14.2238],[74.471,14.1835],[74.4879,14.1104],[74.4804,14.0932],[74.4924,14.0793],[74.501,14.0271],[74.504,14.0418],[74.5179,14.0271],[74.5015,14.0226],[74.5315,13.9649],[74.5488,13.9485],[74.5699,13.9468],[74.6154,13.8521],[74.6332,13.849],[74.6146,13.8513],[74.6068,13.866],[74.6451,13.6829],[74.6707,13.6337],[74.6943,13.454],[74.6951,13.3476],[74.7113,13.3418],[74.7237,13.2901],[74.736,13.2896],[74.7243,13.279],[74.7132,13.3307],[74.6904,13.3485],[74.714,13.3215],[74.7732,13.0837],[74.7785,13.0993],[74.7896,13.0988],[74.7796,13.0968],[74.7846,13.0593],[74.7746,13.0776],[74.8024,12.9313],[74.821,12.9293],[74.8068,12.921],[74.821,12.8524],[74.8838,12.7096],[74.8926,12.7085],[74.9735,12.4987],[75.0146,12.4168],[75.0404,12.3879],[75.0618,12.3413],[75.0568,12.3624],[75.1176,12.2063],[75.129,12.2121],[75.1635,12.1363],[75.1612,12.1193],[75.1721,12.1138],[75.1732,12.1007],[75.1888,12.0962],[75.1921,12.1326],[75.1929,12.1007],[75.186,12.0935],[75.1768,12.0988],[75.1726,12.0857],[75.189,12.0913],[75.1957,12.0715],[75.2204,12.0693],[75.1951,12.0701],[75.1893,12.0896],[75.1787,12.0807],[75.1815,12.0482],[75.2015,12.0054],[75.2318,12.024],[75.3021,11.9485],[75.2635,12.0029],[75.2637,12.0171],[75.271,12.0296],[75.2862,12.0237],[75.286,12.0299],[75.296,12.0176],[75.2918,12.0315],[75.3015,12.0246],[75.3085,12.0493],[75.3071,12.0343],[75.3151,12.0474],[75.329,12.0379],[75.3393,12.0482],[75.3282,12.036],[75.3162,12.0463],[75.2993,12.0168],[75.3332,12.0101],[75.2987,12.0035],[75.2682,12.0235],[75.2654,12.0071],[75.2776,11.9949],[75.2726,12.0054],[75.279,12.0021],[75.3071,11.9529],[75.3154,11.9518],[75.309,11.9704],[75.3168,11.9468],[75.3571,11.9313],[75.3737,11.9574],[75.3788,11.9301],[75.4001,11.9171],[75.3851,11.9165],[75.3721,11.9396],[75.3565,11.9285],[75.3032,11.9471],[75.3182,11.9054],[75.3554,11.8596],[75.3668,11.8513],[75.3799,11.8588],[75.4051,11.8382],[75.4476,11.7815],[75.4599,11.779],[75.4601,11.8074],[75.4635,11.7851],[75.4535,11.7713],[75.4599,11.7654],[75.4701,11.7657],[75.4868,11.7918],[75.4743,11.8035],[75.4999,11.7985],[75.4749,11.7665],[75.5076,11.7612],[75.4935,11.7562],[75.4721,11.7638],[75.4976,11.7324],[75.5085,11.7315],[75.5424,11.6818],[75.5882,11.569],[75.5857,11.5862],[75.5946,11.571],[75.6001,11.5446],[75.5904,11.561],[75.6174,11.4771],[75.6343,11.4615],[75.6457,11.4679],[75.6646,11.4615],[75.686,11.4435],[75.7357,11.3532],[75.7337,11.334],[75.7476,11.3185],[75.8021,11.1626],[75.814,11.1793],[75.829,11.1807],[75.8124,11.1624],[75.8288,11.1582],[75.8015,11.1587],[75.8249,11.1254],[75.8451,11.1438],[75.8585,11.1385],[75.8613,11.1296],[75.8468,11.1424],[75.8251,11.1229],[75.856,11.0207],[75.8677,11.0093],[75.8576,11.0143],[75.9101,10.7924],[76.034,10.5135],[76.0318,10.5371],[76.0482,10.5351],[76.0362,10.5679],[76.0415,10.5754],[76.0496,10.5468],[76.0676,10.5446],[76.0635,10.5357],[76.0524,10.5435],[76.0526,10.5321],[76.034,10.5257],[76.0993,10.3807],[76.1607,10.1868],[76.1918,10.1935],[76.1771,10.1826],[76.204,10.1518],[76.2026,10.139],[76.176,10.1832],[76.1665,10.1715],[76.224,9.9771],[76.2454,9.9724],[76.2371,10.016],[76.2304,10.0168],[76.2387,10.0229],[76.2332,10.0296],[76.2393,10.0265],[76.2199,10.0563],[76.2199,10.0688],[76.2254,10.054],[76.2301,10.0599],[76.2213,10.0843],[76.2196,10.0729],[76.2126,10.084],[76.2035,10.1407],[76.2118,10.1432],[76.2074,10.1351],[76.2262,10.1101],[76.2237,10.1035],[76.2157,10.1126],[76.2393,10.0751],[76.2257,10.1271],[76.2526,10.0838],[76.259,10.0913],[76.2671,10.071],[76.2571,10.0679],[76.2604,10.0476],[76.2404,10.0704],[76.254,10.0393],[76.2551,10.0476],[76.2663,10.0374],[76.2496,10.0301],[76.2657,9.984],[76.2574,10.026],[76.2674,10.0321],[76.2763,10.0029],[76.2699,9.9893],[76.284,9.9576],[76.3035,9.9257],[76.3001,9.9368],[76.3115,9.9485],[76.304,9.9343],[76.3187,9.8888],[76.3354,9.884],[76.3293,9.9029],[76.3432,9.8851],[76.3412,9.9029],[76.324,9.9154],[76.3401,9.9196],[76.354,9.9107],[76.3785,9.8613],[76.3715,9.8424],[76.3846,9.8443],[76.3829,9.829],[76.3951,9.8182],[76.3812,9.8268],[76.3904,9.8168],[76.3679,9.7901],[76.391,9.7421],[76.3829,9.7026],[76.4146,9.6943],[76.404,9.6665],[76.419,9.6582],[76.4046,9.6646],[76.4026,9.6474],[76.4179,9.6424],[76.4212,9.6504],[76.4254,9.6413],[76.4174,9.6332],[76.4301,9.6113],[76.4179,9.5596],[76.4635,9.5435],[76.4665,9.5593],[76.4665,9.5424],[76.4871,9.5424],[76.5021,9.531],[76.4807,9.529],[76.4804,9.5113],[76.479,9.5288],[76.4429,9.5276],[76.4424,9.5113],[76.434,9.5274],[76.3832,9.526],[76.3832,9.5065],[76.3749,9.5224],[76.3571,9.5254],[76.3671,9.611],[76.3988,9.6743],[76.3718,9.6851],[76.3607,9.7004],[76.3721,9.7385],[76.3596,9.7988],[76.3707,9.8201],[76.349,9.8279],[76.3374,9.8649],[76.3201,9.8707],[76.3185,9.8438],[76.3321,9.8243],[76.3354,9.7732],[76.3465,9.7504],[76.3451,9.7132],[76.3404,9.7629],[76.3218,9.8076],[76.3193,9.8763],[76.2957,9.8899],[76.3029,9.8474],[76.2913,9.8499],[76.294,9.8379],[76.2846,9.8326],[76.2835,9.8504],[76.2971,9.8529],[76.2876,9.8985],[76.2796,9.8879],[76.2757,9.894],[76.2815,9.874],[76.2696,9.8663],[76.2574,9.9157],[76.2654,9.8968],[76.2665,9.9124],[76.2726,9.8999],[76.2921,9.9085],[76.2965,9.8929],[76.2949,9.9193],[76.2668,9.9329],[76.2532,9.9696],[76.2368,9.9601],[76.2865,9.7499],[76.3001,9.586],[76.3379,9.416],[76.4604,9.1407],[76.4679,9.1429],[76.4396,9.1901],[76.4226,9.2457],[76.4404,9.2304],[76.4424,9.2004],[76.4707,9.1424],[76.4757,9.1665],[76.4904,9.1701],[76.4799,9.1651],[76.4835,9.1265],[76.4771,9.1335],[76.4721,9.1229],[76.4693,9.1365],[76.4635,9.134],[76.5188,9.0185],[76.5462,8.9024],[76.5654,8.8796],[76.5935,8.8737],[76.6318,8.8363],[76.6996,8.7376],[76.9599,8.4218],[76.9749,8.3851],[77.1668,8.2449],[77.1846,8.2193],[77.2224,8.1974],[77.2393,8.1765],[77.2965,8.1496],[77.316,8.121],[77.3351,8.126],[77.4337,8.0971],[77.551,8.0765],[77.566,8.0921],[77.5649,8.0999],[77.5587,8.0965],[77.5593,8.1196],[77.5757,8.1357],[77.6501,8.1601],[77.7462,8.1771],[77.7815,8.2007],[77.7821,8.2204],[77.804,8.2482],[77.8035,8.2401],[77.889,8.2732],[77.9824,8.3413],[78.0668,8.3704],[78.0496,8.3804],[78.0651,8.4199],[78.1304,8.4971],[78.1224,8.5218],[78.1387,8.5888],[78.1274,8.6385],[78.1246,8.6057],[78.1168,8.6054],[78.1224,8.5982],[78.1118,8.6001],[78.1104,8.6124],[78.1018,8.5924],[78.1129,8.5857],[78.1293,8.6024],[78.1257,8.5949],[78.136,8.5921],[78.1149,8.5799],[78.0965,8.5813],[78.0951,8.5979],[78.1018,8.5962],[78.0968,8.6021],[78.1071,8.6138],[78.1007,8.6401],[78.1135,8.6429],[78.1051,8.6521],[78.1226,8.6624],[78.1276,8.6504],[78.1354,8.6888],[78.1704,8.7449],[78.1937,8.7526],[78.2235,8.746],[78.2018,8.7515],[78.1976,8.7632],[78.2301,8.7488],[78.199,8.7643],[78.1985,8.789],[78.1915,8.789],[78.1985,8.7749],[78.191,8.7654],[78.1815,8.7715],[78.1871,8.7765],[78.1801,8.7674],[78.1576,8.771],[78.1687,8.8821],[78.209,8.9593],[78.2671,9.0032],[78.261,9.0188],[78.271,9.0054],[78.2882,9.0154],[78.3674,9.0776],[78.3654,9.0921],[78.371,9.081],[78.4107,9.1118],[78.4818,9.1274],[78.4887,9.1501],[78.484,9.1279],[78.5387,9.1374],[78.5782,9.1313],[78.6143,9.1521],[78.6574,9.1576],[78.6424,9.1738],[78.6579,9.1924],[78.6712,9.1985],[78.7185,9.1901],[78.7276,9.2088],[78.8324,9.2432],[78.8326,9.2688],[78.8349,9.2451],[78.8732,9.2565],[78.9088,9.2501],[78.9257,9.266],[78.9551,9.2724],[79.0938,9.2599],[79.1907,9.2818],[79.0685,9.2987],[79.019,9.3293],[78.9354,9.4113],[78.9015,9.4668],[78.8982,9.489],[78.9149,9.494],[78.9293,9.594],[78.9599,9.6304],[78.9815,9.6904],[79.1218,9.8546],[79.119,9.8757],[79.1551,9.9324],[79.2426,10.0251],[79.2674,10.0379],[79.229,10.0907],[79.2371,10.1285],[79.229,10.1443],[79.2399,10.1543],[79.2426,10.1832],[79.2812,10.2137],[79.2679,10.2324],[79.2949,10.2607],[79.3474,10.2868],[79.3476,10.296],[79.351,10.286],[79.366,10.2921],[79.3585,10.3021],[79.3696,10.2949],[79.3857,10.3168],[79.5124,10.309],[79.5176,10.3162],[79.4571,10.3204],[79.4582,10.3271],[79.4865,10.3262],[79.456,10.3421],[79.4865,10.3357],[79.4954,10.3187],[79.5124,10.3376],[79.5104,10.3299],[79.5285,10.3246],[79.5071,10.3251],[79.5257,10.3185],[79.5435,10.3243],[79.5343,10.336],[79.5451,10.3479],[79.5871,10.3435],[79.5888,10.3326],[79.5593,10.3324],[79.5496,10.3168],[79.5251,10.3154],[79.5265,10.3054],[79.7304,10.274],[79.7396,10.2793],[79.6818,10.2901],[79.6904,10.2929],[79.6735,10.3015],[79.6624,10.289],[79.5532,10.3104],[79.5968,10.3088],[79.6135,10.3174],[79.6221,10.334],[79.6104,10.3415],[79.6299,10.3632],[79.6365,10.3182],[79.7104,10.3252],[79.7301,10.311],[79.7613,10.3132],[79.7785,10.3024],[79.7574,10.309],[79.7849,10.2807],[79.751,10.2901],[79.7471,10.2824],[79.7557,10.2754],[79.7429,10.2751],[79.8357,10.2754],[79.8671,10.2863],[79.8829,10.3024],[79.8637,10.4546],[79.8515,10.826],[79.8238,10.8176],[79.8526,10.831],[79.8557,11.1821],[79.8476,11.2429],[79.8401,11.229],[79.8046,11.2363],[79.8179,11.2315],[79.8243,11.2413],[79.8332,11.2354],[79.8465,11.244],[79.8382,11.3549],[79.8357,11.3626],[79.8332,11.3535],[79.8218,11.3571],[79.8107,11.371],[79.8101,11.3838],[79.8118,11.3707],[79.8274,11.3635],[79.8074,11.4446],[79.7637,11.5274],[79.7571,11.5638],[79.7568,11.6176],[79.806,11.8282],[79.7996,11.8401],[79.8076,11.8365],[79.8199,11.8693],[79.8046,11.8743],[79.8196,11.8735],[79.8057,11.8821],[79.7907,11.8787],[79.8238,11.8818],[79.8321,11.9054],[79.8185,11.9063],[79.8243,11.9165],[79.831,11.9071],[79.8493,11.9876],[79.8829,12.061],[80.0071,12.2537],[79.9565,12.2118],[79.9446,12.2201],[80.0029,12.2579],[80.0101,12.2726],[80.0093,12.2565],[80.0632,12.3507],[80.0143,12.3226],[80.0171,12.3404],[80.0582,12.3674],[80.064,12.3499],[80.0507,12.326],[80.156,12.4668],[80.1846,12.5746],[80.1612,12.5854],[80.1701,12.594],[80.1649,12.6037],[80.1815,12.6099],[80.1707,12.5851],[80.1854,12.5776],[80.254,12.779],[80.2482,12.8026],[80.2318,12.7849],[80.2393,12.8101],[80.2326,12.8463],[80.2412,12.8063],[80.2482,12.8054],[80.2585,12.936],[80.2771,13.011],[80.2668,13.0132],[80.2774,13.0157],[80.2851,13.0687],[80.3032,13.0896],[80.306,13.1015],[80.2957,13.0935],[80.3018,13.1129],[80.3051,13.1071],[80.299,13.1393],[80.3337,13.2349],[80.3115,13.209],[80.3179,13.2238],[80.3063,13.2151],[80.3176,13.226],[80.3138,13.2465],[80.3171,13.2312],[80.3335,13.2388],[80.3465,13.2915],[80.3257,13.4437],[80.3193,13.4238],[80.331,13.3912],[80.3285,13.3665],[80.3163,13.4285],[80.3024,13.416],[80.3004,13.4268],[80.2776,13.4357],[80.2685,13.4174],[80.281,13.4382],[80.2621,13.4729],[80.2474,13.4726],[80.2365,13.4879],[80.1615,13.4896],[80.1285,13.5171],[80.1254,13.5057],[80.1154,13.5076],[80.119,13.5151],[80.051,13.5882],[80.076,13.6101],[80.0726,13.6371],[80.0949,13.6474],[80.0793,13.656],[80.0957,13.6687],[80.0888,13.654],[80.0974,13.6615],[80.1035,13.6543],[80.1068,13.7093],[80.1068,13.674],[80.121,13.6707],[80.1224,13.6782],[80.126,13.6704],[80.1207,13.6457],[80.1118,13.6421],[80.1199,13.6507],[80.1099,13.6582],[80.1087,13.6421],[80.1262,13.6115],[80.1385,13.6129],[80.1476,13.6596],[80.1429,13.7021],[80.1299,13.7238],[80.1471,13.7243],[80.136,13.7188],[80.144,13.7015],[80.171,13.6896],[80.1888,13.6674],[80.1899,13.6426],[80.2182,13.6235],[80.2643,13.5612],[80.2704,13.529],[80.2643,13.5235],[80.2743,13.5143],[80.2774,13.5221],[80.2876,13.4593],[80.306,13.4343],[80.316,13.436],[80.2365,13.6385],[80.234,13.6974],[80.2524,13.7801],[80.2449,13.8196],[80.1574,14.0162],[80.1696,13.9637],[80.1554,14.0207],[80.1507,14.0304],[80.1496,14.0188],[80.131,14.1196],[80.1221,14.1146],[80.1257,14.134],[80.1296,14.1237],[80.1268,14.1901],[80.1387,14.2724],[80.1699,14.3607],[80.1826,14.5304],[80.1724,14.5351],[80.1837,14.5368],[80.199,14.5871],[80.1665,14.6212],[80.1385,14.7151],[80.1296,14.6921],[80.1368,14.7107],[80.1171,14.7393],[80.1146,14.7312],[80.0932,14.8101],[80.0593,14.8199],[80.089,14.814],[80.0479,15.0773],[80.0537,15.1176],[80.0813,15.186],[80.061,15.1904],[80.046,15.2093],[80.0782,15.189],[80.0885,15.2193],[80.0829,15.2624],[80.0993,15.3099],[80.0799,15.316],[80.0982,15.3143],[80.1282,15.3774],[80.2007,15.4654],[80.2118,15.4957],[80.2004,15.4982],[80.2129,15.5026],[80.2251,15.5324],[80.2374,15.601],[80.2704,15.6732],[80.3396,15.7474],[80.431,15.8057],[80.5374,15.8549],[80.6868,15.8826],[80.774,15.8663],[80.8063,15.8415],[80.811,15.816],[80.7932,15.8146],[80.8151,15.7418],[80.7985,15.7504],[80.7832,15.7915],[80.7804,15.7826],[80.8226,15.7126],[80.9318,15.724],[80.939,15.7182],[80.9657,15.7312],[81.001,15.7518],[81.0121,15.7701],[80.9938,15.8101],[81.0043,15.8404],[81.0074,15.8318],[81.0193,15.8557],[81.1315,15.9729],[81.146,15.9743],[81.141,16.0182],[81.1893,16.1035],[81.2018,16.1429],[81.1826,16.1435],[81.2024,16.1454],[81.2051,16.176],[81.231,16.2351],[81.2654,16.2813],[81.3924,16.3418],[81.3799,16.3599],[81.3457,16.3307],[81.3651,16.3599],[81.3829,16.3618],[81.4054,16.3437],[81.541,16.359],[81.561,16.3454],[81.684,16.3329],[81.7207,16.3185],[81.7204,16.3101],[81.854,16.3746],[81.9446,16.3951],[82.1126,16.4885],[82.3099,16.5676],[82.306,16.5746],[82.2924,16.5638],[82.2679,16.564],[82.289,16.5707],[82.2996,16.5918],[82.2926,16.6026],[82.2599,16.5868],[82.2924,16.6087],[82.2782,16.6363],[82.2565,16.6426],[82.2588,16.6888],[82.2426,16.7076],[82.2507,16.7179],[82.2862,16.7071],[82.2995,16.7143]]],[[[82.3321,16.7249],[82.306,16.6996],[82.2579,16.7018],[82.266,16.6715],[82.2562,16.6529],[82.2838,16.6426],[82.3107,16.6024],[82.3193,16.6207],[82.3096,16.6513],[82.3185,16.6288],[82.3268,16.6688],[82.3682,16.7229],[82.3579,16.7276],[82.3649,16.7215],[82.3587,16.7121],[82.3399,16.7182],[82.3529,16.7068],[82.3363,16.6913],[82.3449,16.7051],[82.3321,16.7249]]],[[[72.6765,21.1557],[72.6651,21.1421],[72.689,21.0899],[72.7104,21.1407],[72.6765,21.1557]]],[[[72.3532,21.6135],[72.3454,21.6024],[72.3587,21.5799],[72.3651,21.5976],[72.3532,21.6135]]],[[[72.7226,21.666],[72.7101,21.659],[72.7168,21.6446],[72.751,21.6529],[72.7226,21.666]]],[[[72.2743,21.7496],[72.2676,21.7365],[72.2876,21.7074],[72.2743,21.7496]]],[[[72.3707,22.2351],[72.3635,22.214],[72.3765,22.2038],[72.3707,22.2351]]],[[[69.6276,22.4596],[69.5882,22.4371],[69.596,22.4246],[69.6365,22.4065],[69.6571,22.4282],[69.6276,22.4596]]],[[[69.3021,22.474],[69.2929,22.4593],[69.3012,22.4529],[69.3268,22.4571],[69.3246,22.4696],[69.3021,22.474]]],[[[69.1368,22.4776],[69.0935,22.4615],[69.096,22.4413],[69.0846,22.4212],[69.1085,22.4374],[69.1107,22.4638],[69.1468,22.4632],[69.1485,22.474],[69.1368,22.4776]]],[[[69.3243,22.5276],[69.3157,22.5199],[69.3346,22.5076],[69.3635,22.5118],[69.3512,22.5265],[69.3243,22.5276]]],[[[69.9187,22.5532],[69.9004,22.5462],[69.8951,22.5229],[69.8624,22.5271],[69.8965,22.5118],[69.9415,22.5179],[69.9421,22.5287],[69.9296,22.5307],[69.9324,22.5446],[69.9187,22.5532]]],[[[70.009,22.5932],[69.9651,22.5779],[69.9579,22.5496],[69.9926,22.5482],[70.0271,22.5679],[70.0249,22.5862],[70.009,22.5932]]],[[[69.6426,22.7649],[69.6318,22.7604],[69.6665,22.7507],[69.6426,22.7649]]],[[[70.4485,23.0521],[70.4143,23.0188],[70.4137,22.9898],[70.4343,23.0137],[70.4485,23.0521]]],[[[70.4824,23.0654],[70.4582,23.0499],[70.4463,23.0251],[70.4824,23.0654]]],[[[68.5582,23.3138],[68.5532,23.2968],[68.5679,23.2812],[68.5563,23.274],[68.541,23.2851],[68.541,23.2657],[68.574,23.2451],[68.5843,23.2538],[68.5724,23.261],[68.6149,23.2715],[68.6121,23.2965],[68.5821,23.3101],[68.5888,23.2965],[68.5724,23.3038],[68.574,23.2943],[68.5582,23.3138]]],[[[68.5885,23.319],[68.5829,23.3151],[68.5985,23.3021],[68.6188,23.2993],[68.6093,23.3168],[68.6079,23.3099],[68.5885,23.319]]],[[[68.506,23.3424],[68.5024,23.3238],[68.5374,23.3182],[68.5276,23.3371],[68.506,23.3424]]],[[[68.589,23.3743],[68.5679,23.3724],[68.5776,23.3524],[68.6065,23.3318],[68.5999,23.3457],[68.6174,23.3276],[68.6179,23.354],[68.6074,23.3646],[68.6107,23.3518],[68.5951,23.3587],[68.589,23.3743]]],[[[68.5374,23.4049],[68.5282,23.3907],[68.5413,23.4013],[68.5437,23.3882],[68.5462,23.3968],[68.5607,23.3754],[68.5501,23.3712],[68.5557,23.3604],[68.5674,23.376],[68.5563,23.379],[68.5507,23.4024],[68.5374,23.4049]]],[[[68.4729,23.4804],[68.4451,23.4679],[68.4532,23.4626],[68.4326,23.4501],[68.4349,23.4404],[68.4121,23.4435],[68.4212,23.4201],[68.429,23.4315],[68.4182,23.4399],[68.4304,23.4312],[68.4401,23.4449],[68.4746,23.4599],[68.4618,23.4535],[68.4676,23.4421],[68.4582,23.4179],[68.4635,23.4071],[68.4846,23.4032],[68.4949,23.456],[68.4729,23.4804]]],[[[68.4821,23.5968],[68.4679,23.5915],[68.4624,23.5815],[68.4729,23.5782],[68.4557,23.5724],[68.4535,23.5615],[68.4354,23.5571],[68.4304,23.5077],[68.446,23.5401],[68.4812,23.5613],[68.4821,23.5968]]],[[[68.4563,23.6249],[68.4346,23.6162],[68.4404,23.5865],[68.4518,23.6029],[68.4665,23.601],[68.466,23.6215],[68.4563,23.6249]]],[[[68.4846,23.6279],[68.4696,23.6162],[68.4682,23.5926],[68.4799,23.591],[68.4804,23.6074],[68.491,23.6043],[68.4846,23.6279]]],[[[68.4674,23.7399],[68.4587,23.7368],[68.4593,23.7249],[68.4876,23.729],[68.4674,23.7399]]],[[[68.3585,23.8051],[68.3349,23.7588],[68.3518,23.7429],[68.3499,23.7318],[68.3393,23.7426],[68.334,23.711],[68.3296,23.7237],[68.3185,23.7182],[68.2974,23.684],[68.3063,23.6812],[68.2821,23.6707],[68.2696,23.6496],[68.2312,23.6435],[68.3118,23.6501],[68.2601,23.6399],[68.2232,23.6471],[68.2101,23.6404],[68.2046,23.6476],[68.1862,23.6243],[68.1971,23.5971],[68.226,23.6068],[68.221,23.5901],[68.2501,23.5907],[68.2562,23.5957],[68.2396,23.6001],[68.2421,23.6063],[68.2643,23.6026],[68.2768,23.6324],[68.3068,23.6307],[68.3132,23.6224],[68.2779,23.6313],[68.2729,23.6179],[68.2926,23.6001],[68.2743,23.5918],[68.2949,23.5788],[68.3076,23.584],[68.2996,23.5879],[68.3043,23.5965],[68.3149,23.5832],[68.3146,23.5899],[68.3468,23.5982],[68.3479,23.616],[68.3746,23.6393],[68.3896,23.686],[68.3754,23.6432],[68.3904,23.6543],[68.4185,23.7243],[68.4174,23.7604],[68.3993,23.751],[68.4182,23.7626],[68.426,23.796],[68.3979,23.7849],[68.3585,23.8051]]],[[[68.3079,23.8238],[68.2901,23.8168],[68.2982,23.8037],[68.2754,23.7951],[68.2676,23.7724],[68.266,23.7296],[68.2574,23.716],[68.274,23.7013],[68.2946,23.7232],[68.2849,23.7321],[68.2932,23.7404],[68.2857,23.7546],[68.2946,23.7413],[68.2862,23.7337],[68.2913,23.7276],[68.3243,23.7343],[68.314,23.7793],[68.3224,23.8049],[68.3079,23.8238]]],[[[68.4965,23.831],[68.4479,23.8065],[68.4565,23.774],[68.4374,23.7393],[68.4768,23.7407],[68.4654,23.7754],[68.4715,23.7551],[68.4882,23.7485],[68.4876,23.7371],[68.5074,23.7485],[68.4896,23.7596],[68.5168,23.7546],[68.5224,23.7754],[68.4985,23.7946],[68.5124,23.7888],[68.5229,23.8024],[68.5199,23.8179],[68.4965,23.831]]],[[[68.3957,23.8782],[68.3779,23.8743],[68.3771,23.8579],[68.3443,23.8393],[68.3474,23.8196],[68.3251,23.7979],[68.3301,23.7874],[68.3551,23.811],[68.4013,23.7901],[68.3796,23.8382],[68.4054,23.7932],[68.416,23.8021],[68.4065,23.8118],[68.4115,23.821],[68.4101,23.809],[68.4265,23.8104],[68.4393,23.839],[68.4207,23.8685],[68.3957,23.8782]]],[[[68.2482,23.8804],[68.2162,23.8671],[68.216,23.8476],[68.234,23.8429],[68.2518,23.8624],[68.2482,23.8804]]],[[[68.4493,23.9385],[68.4274,23.9335],[68.4051,23.9124],[68.3529,23.9007],[68.3532,23.8837],[68.3579,23.8938],[68.3676,23.8907],[68.3551,23.8879],[68.3501,23.846],[68.3724,23.8596],[68.3774,23.8765],[68.4171,23.8724],[68.4085,23.8851],[68.4224,23.8949],[68.4107,23.8854],[68.4196,23.871],[68.426,23.8646],[68.4421,23.8704],[68.4521,23.8818],[68.4429,23.9082],[68.4504,23.9054],[68.4443,23.9132],[68.4518,23.916],[68.444,23.9193],[68.4587,23.9307],[68.4493,23.9385]]],[[[68.5354,23.946],[68.5254,23.9401],[68.5376,23.9176],[68.5318,23.9235],[68.514,23.9046],[68.5257,23.8926],[68.5121,23.9032],[68.486,23.8899],[68.491,23.8663],[68.5021,23.8754],[68.5004,23.8665],[68.5171,23.8565],[68.5326,23.8763],[68.5371,23.8674],[68.5468,23.8729],[68.5671,23.9035],[68.5888,23.9168],[68.5585,23.9232],[68.5354,23.946]]],[[[68.4821,23.9926],[68.4476,23.9807],[68.4426,23.964],[68.449,23.9596],[68.4415,23.9626],[68.4282,23.9379],[68.4629,23.9321],[68.4512,23.9199],[68.4582,23.9146],[68.4532,23.8799],[68.4282,23.8618],[68.4435,23.8485],[68.4729,23.8629],[68.4796,23.889],[68.4676,23.8949],[68.4804,23.8904],[68.5185,23.9243],[68.5185,23.9357],[68.5057,23.9418],[68.5188,23.9407],[68.4965,23.9557],[68.5024,23.9785],[68.4821,23.9926]]],[[[68.4301,23.9954],[68.396,23.9654],[68.3851,23.9662],[68.3754,23.9846],[68.3596,23.9774],[68.3346,23.9176],[68.289,23.9218],[68.2771,23.9149],[68.2785,23.9024],[68.259,23.8751],[68.2932,23.8751],[68.3037,23.8671],[68.3176,23.8793],[68.3051,23.8657],[68.2593,23.8718],[68.2487,23.8538],[68.2626,23.8382],[68.2874,23.8393],[68.261,23.8374],[68.2604,23.8249],[68.2571,23.8446],[68.2454,23.8538],[68.2346,23.836],[68.2129,23.8346],[68.2179,23.7812],[68.2288,23.7737],[68.2326,23.7821],[68.2343,23.7749],[68.2196,23.7549],[68.2118,23.7635],[68.1926,23.731],[68.2076,23.7068],[68.2293,23.7029],[68.2268,23.6901],[68.2379,23.6812],[68.256,23.6796],[68.2668,23.6918],[68.254,23.7188],[68.266,23.7462],[68.2657,23.7929],[68.2704,23.7857],[68.2743,23.7974],[68.2957,23.8043],[68.2887,23.8174],[68.3037,23.8246],[68.3146,23.824],[68.321,23.8071],[68.3374,23.819],[68.3487,23.8651],[68.3449,23.9013],[68.4154,23.9301],[68.4337,23.964],[68.4301,23.9954]]],[[[76.4143,9.5632],[76.3821,9.5432],[76.3829,9.5349],[76.4257,9.5499],[76.4143,9.5632]]],[[[76.3496,9.8746],[76.349,9.8385],[76.3718,9.831],[76.3662,9.8554],[76.3496,9.8746]]],[[[76.3085,9.9215],[76.3043,9.9029],[76.3174,9.8865],[76.3085,9.9215]]],[[[76.2607,9.9707],[76.2676,9.939],[76.294,9.9257],[76.2749,9.9663],[76.2607,9.9707]]],[[[76.2418,10.0143],[76.2496,9.976],[76.2588,9.9901],[76.2418,10.0143]]],[[[75.1354,12.186],[75.1501,12.1468],[75.1518,12.1596],[75.1354,12.186]]],[[[75.1265,12.2051],[75.1235,12.1918],[75.1574,12.1102],[75.1265,12.2051]]],[[[73.081,8.3276],[73.0557,8.2826],[73.041,8.274],[73.0182,8.2776],[73.0188,8.2715],[73.0493,8.2668],[73.0671,8.2857],[73.081,8.3276]]],[[[73.6515,10.1043],[73.6449,10.0771],[73.6354,10.0721],[73.6418,10.0571],[73.6515,10.1043]]],[[[72.6421,10.5774],[72.6154,10.5407],[72.6488,10.5615],[72.6421,10.5774]]],[[[73.6785,10.8215],[73.6601,10.8163],[73.6682,10.8051],[73.7026,10.8149],[73.6785,10.8215]]],[[[72.1726,10.8199],[72.2065,10.8774],[72.1943,10.8707],[72.1726,10.8199]]],[[[72.9999,11.4979],[73.0076,11.4676],[73.0093,11.4863],[72.9999,11.4979]]],[[[86.2703,20.0581],[86.2492,20.0431],[86.2457,20.029],[86.3081,20.0344],[86.2703,20.0581]]],[[[86.8028,20.4208],[86.8039,20.3714],[86.8149,20.4067],[86.8028,20.4208]]],[[[86.8707,20.7718],[86.8542,20.7758],[86.83,20.76],[86.8015,20.6834],[86.7738,20.6464],[86.8191,20.6392],[86.8134,20.6624],[86.7954,20.6656],[86.8027,20.6765],[86.8311,20.672],[86.842,20.6522],[86.8535,20.6567],[86.8636,20.6783],[86.8564,20.6861],[86.8839,20.7072],[86.8783,20.7331],[86.8853,20.7072],[86.8569,20.6842],[86.8653,20.6789],[86.8592,20.6647],[86.9287,20.7147],[86.999,20.7122],[87.0072,20.7411],[86.9931,20.7706],[86.8707,20.7718]]],[[[86.8819,20.7886],[86.8653,20.7831],[86.8808,20.7731],[86.9515,20.7747],[86.8819,20.7886]]],[[[87.0165,20.8028],[87.0186,20.8229],[87.0025,20.8322],[87.0057,20.8096],[87.0165,20.8028]]],[[[79.0701,9.2082],[79.059,9.1965],[79.0915,9.196],[79.0701,9.2082]]],[[[79.3124,9.3285],[79.2793,9.3121],[79.2676,9.2932],[79.2204,9.2921],[79.2043,9.2774],[79.2213,9.2671],[79.2146,9.254],[79.2482,9.2601],[79.2974,9.2474],[79.4399,9.1582],[79.3262,9.2615],[79.3146,9.2824],[79.3349,9.3126],[79.3124,9.3285]]],[[[88.4977,21.5998],[88.4861,21.5883],[88.4817,21.5547],[88.5042,21.5445],[88.5097,21.5586],[88.5031,21.5653],[88.5117,21.5581],[88.5061,21.5411],[88.5314,21.5425],[88.5339,21.5781],[88.4977,21.5998]]],[[[88.1778,21.6011],[88.1678,21.5917],[88.1744,21.5667],[88.1867,21.56],[88.1889,21.5819],[88.1778,21.6011]]],[[[88.8347,21.6072],[88.8283,21.5769],[88.8428,21.5539],[88.8753,21.5489],[88.9036,21.5558],[88.8753,21.5928],[88.8347,21.6072]]],[[[88.7289,21.6371],[88.7133,21.6258],[88.7072,21.5942],[88.7144,21.5783],[88.7358,21.5717],[88.7572,21.599],[88.7352,21.6116],[88.7289,21.6371]]],[[[88.5372,21.6386],[88.5238,21.6525],[88.5242,21.6261],[88.51,21.6022],[88.5369,21.5884],[88.5567,21.6044],[88.5369,21.587],[88.55,21.5636],[88.5786,21.5773],[88.5875,21.6019],[88.5717,21.6231],[88.5372,21.6386]]],[[[88.7719,21.6531],[88.7296,21.6399],[88.7361,21.6124],[88.7584,21.5997],[88.7511,21.5769],[88.7878,21.5806],[88.7981,21.5917],[88.7943,21.5998],[88.7822,21.5961],[88.7908,21.6019],[88.7739,21.6197],[88.7719,21.6531]]],[[[88.9658,21.6415],[88.9552,21.6771],[88.9397,21.6467],[88.9559,21.6176],[88.9878,21.6131],[88.9929,21.6406],[88.9658,21.6415]]],[[[88.5769,21.6917],[88.5675,21.6905],[88.5708,21.666],[88.554,21.6395],[88.6014,21.6203],[88.5769,21.6917]]],[[[88.5919,21.6942],[88.5878,21.7014],[88.5917,21.69],[88.5804,21.683],[88.5885,21.6573],[88.6063,21.68],[88.5919,21.6942]]],[[[88.9845,21.7057],[88.9732,21.6974],[88.9508,21.7007],[88.964,21.6457],[88.9924,21.6441],[89,21.6017],[89.0288,21.6048],[89.0375,21.6181],[89.0223,21.6361],[89.0228,21.654],[88.9879,21.653],[88.9939,21.6736],[88.9845,21.7057]]],[[[88.8067,21.7067],[88.7647,21.6931],[88.7583,21.6825],[88.7306,21.6847],[88.7589,21.6633],[88.7942,21.6644],[88.7872,21.6592],[88.7969,21.6553],[88.8072,21.6658],[88.8067,21.7067]]],[[[88.3111,21.7064],[88.3004,21.7034],[88.3158,21.6776],[88.3058,21.6296],[88.3153,21.6081],[88.3581,21.6475],[88.3464,21.6533],[88.3461,21.6886],[88.3286,21.7053],[88.3111,21.7064]]],[[[88.454,21.7093],[88.439,21.7076],[88.4194,21.6892],[88.4206,21.6514],[88.4422,21.615],[88.4539,21.6242],[88.4707,21.673],[88.454,21.7093]]],[[[88.6971,21.7129],[88.687,21.6833],[88.7229,21.6386],[88.7514,21.6487],[88.7067,21.682],[88.6971,21.7129]]],[[[88.2045,21.7212],[88.1813,21.6875],[88.2119,21.6017],[88.2123,21.6221],[88.2317,21.6436],[88.2267,21.6699],[88.1956,21.6819],[88.1983,21.6944],[88.2166,21.7005],[88.2045,21.7212]]],[[[89.0592,21.7218],[89.0241,21.7167],[89.0098,21.7049],[89.0247,21.6949],[89.0285,21.6353],[89.0376,21.6406],[89.0348,21.6331],[89.0516,21.6175],[89.0817,21.6274],[89.0952,21.6466],[89.0837,21.6795],[89.065,21.689],[89.0706,21.7018],[89.0592,21.7218]]],[[[88.978,21.7269],[88.9706,21.7208],[88.9928,21.7],[88.9901,21.6541],[89.0078,21.6522],[89.0242,21.6877],[89.0078,21.7071],[89.0205,21.7136],[88.978,21.7269]]],[[[88.5457,21.7361],[88.5172,21.7108],[88.5333,21.6686],[88.5298,21.6522],[88.5486,21.6364],[88.5692,21.6694],[88.5651,21.7029],[88.5528,21.7028],[88.5627,21.7064],[88.5742,21.694],[88.5683,21.7098],[88.5432,21.7242],[88.5697,21.7109],[88.5802,21.6847],[88.5907,21.691],[88.5711,21.7322],[88.5457,21.7361]]],[[[88.8831,21.7453],[88.8731,21.6944],[88.8878,21.6581],[88.9208,21.6322],[88.9403,21.6953],[88.8831,21.7453]]],[[[88.4123,21.7313],[88.395,21.755],[88.3867,21.7339],[88.3686,21.7273],[88.394,21.7253],[88.4039,21.7152],[88.3797,21.6808],[88.3874,21.6115],[88.3986,21.5956],[88.4133,21.6228],[88.4319,21.6269],[88.4114,21.6574],[88.4133,21.6911],[88.4286,21.702],[88.4123,21.7313]]],[[[88.2209,21.7621],[88.2109,21.7264],[88.2204,21.7],[88.1978,21.6892],[88.2061,21.675],[88.2333,21.6681],[88.2347,21.6354],[88.2164,21.6164],[88.2428,21.5967],[88.2405,21.5736],[88.2483,21.5639],[88.2917,21.5631],[88.3061,21.5833],[88.2886,21.5978],[88.2883,21.6231],[88.3106,21.6756],[88.2767,21.7256],[88.2619,21.7306],[88.272,21.7544],[88.2209,21.7621]]],[[[88.9271,21.7619],[88.9311,21.7358],[88.9228,21.7197],[88.9502,21.7023],[88.9731,21.6986],[88.9839,21.7064],[88.9694,21.7228],[88.9871,21.7451],[88.9684,21.7393],[88.9632,21.7528],[88.9271,21.7619]]],[[[88.3654,21.7642],[88.3428,21.7544],[88.3489,21.7256],[88.3375,21.7108],[88.3606,21.6864],[88.3981,21.7133],[88.3653,21.7222],[88.3654,21.7642]]],[[[89.0051,21.765],[89.0016,21.75],[89.0174,21.7178],[89.0593,21.7259],[89.0051,21.765]]],[[[88.8317,21.7661],[88.8089,21.7483],[88.7908,21.7492],[88.7816,21.716],[88.7625,21.7014],[88.8036,21.7166],[88.815,21.71],[88.8228,21.665],[88.8089,21.6388],[88.8458,21.62],[88.842,21.6437],[88.8286,21.6506],[88.8428,21.6453],[88.8442,21.627],[88.86,21.6372],[88.8392,21.7069],[88.8653,21.7586],[88.8317,21.7661]]],[[[88.3849,21.7644],[88.3728,21.7636],[88.3615,21.7477],[88.3624,21.7323],[88.3867,21.7407],[88.3849,21.7644]]],[[[88.5822,21.7778],[88.569,21.7692],[88.5836,21.7484],[88.5797,21.7258],[88.5928,21.7187],[88.6164,21.7276],[88.6198,21.7383],[88.5856,21.7539],[88.5822,21.7778]]],[[[88.3025,21.7246],[88.3029,21.7556],[88.2889,21.7785],[88.278,21.7282],[88.2973,21.7056],[88.3025,21.7246]]],[[[88.9997,21.7855],[88.9883,21.7881],[88.9511,21.7578],[88.9653,21.7527],[88.9687,21.7407],[88.9879,21.7466],[88.9767,21.7286],[89.0048,21.7161],[89.0153,21.7268],[88.9967,21.7687],[89.0116,21.7802],[88.9997,21.7855]]],[[[88.6097,21.7903],[88.5915,21.7838],[88.5863,21.7566],[88.6231,21.7367],[88.5988,21.7155],[88.6089,21.7081],[88.6308,21.7425],[88.6097,21.7903]]],[[[88.4586,21.7887],[88.446,21.798],[88.4235,21.7683],[88.4331,21.7045],[88.4559,21.7114],[88.4672,21.7372],[88.475,21.7914],[88.4586,21.7887]]],[[[88.7162,21.8074],[88.695,21.7439],[88.7111,21.6902],[88.748,21.6583],[88.7553,21.6652],[88.7293,21.6868],[88.7573,21.6836],[88.7628,21.6929],[88.7586,21.7097],[88.7463,21.7062],[88.7359,21.7193],[88.7488,21.7071],[88.7767,21.7211],[88.7525,21.732],[88.7593,21.7592],[88.7281,21.7778],[88.7162,21.8074]]],[[[88.5446,21.8103],[88.5044,21.7717],[88.5042,21.7625],[88.5127,21.7658],[88.5354,21.7918],[88.5045,21.7579],[88.5194,21.7192],[88.5417,21.7377],[88.5605,21.73],[88.5725,21.7356],[88.5619,21.77],[88.5722,21.7878],[88.5446,21.8103]]],[[[88.4218,21.8111],[88.3827,21.7785],[88.4228,21.7198],[88.4208,21.7669],[88.4427,21.7999],[88.4296,21.7996],[88.4218,21.8111]]],[[[88.9996,21.8117],[88.9902,21.79],[89.0128,21.7794],[88.9988,21.7669],[89.0237,21.759],[89.0165,21.812],[88.9996,21.8117]]],[[[88.7506,21.7954],[88.7501,21.8142],[88.7275,21.7936],[88.7283,21.7797],[88.7461,21.7722],[88.7555,21.7803],[88.7506,21.7954]]],[[[88.8281,21.804],[88.8207,21.8225],[88.7972,21.7906],[88.7839,21.7655],[88.7908,21.75],[88.8104,21.7503],[88.8303,21.7667],[88.8207,21.787],[88.8281,21.804]]],[[[88.7875,21.745],[88.7822,21.7669],[88.7958,21.7872],[88.7821,21.8252],[88.7498,21.7696],[88.7644,21.7605],[88.7567,21.7334],[88.7767,21.7308],[88.7875,21.745]]],[[[88.9158,21.8258],[88.8831,21.8081],[88.8958,21.7881],[88.9069,21.7942],[88.8981,21.7868],[88.8978,21.7519],[88.9128,21.7553],[88.9178,21.7917],[88.9372,21.8167],[88.9158,21.8258]]],[[[88.4849,21.8347],[88.4503,21.8151],[88.4531,21.8057],[88.4858,21.7986],[88.4961,21.8078],[88.4978,21.8225],[88.4849,21.8347]]],[[[88.9414,21.8472],[88.9244,21.8358],[88.9389,21.8167],[88.9197,21.7919],[88.9142,21.7556],[88.9214,21.7661],[88.9589,21.7708],[88.9404,21.7824],[88.9403,21.7931],[88.9542,21.8081],[88.97,21.8028],[88.9767,21.8206],[88.9539,21.8253],[88.9414,21.8472]]],[[[88.5922,21.85],[88.576,21.817],[88.5895,21.7983],[88.6142,21.7981],[88.6072,21.8158],[88.618,21.8292],[88.5922,21.85]]],[[[88.3311,21.8607],[88.3119,21.8543],[88.3074,21.83],[88.2691,21.8159],[88.2597,21.8035],[88.296,21.774],[88.3103,21.7935],[88.2939,21.8028],[88.3109,21.7956],[88.3111,21.7831],[88.2983,21.7772],[88.3062,21.7154],[88.3171,21.7089],[88.345,21.7217],[88.3429,21.7596],[88.377,21.7675],[88.38,21.7873],[88.3599,21.799],[88.3525,21.8546],[88.3311,21.8607]]],[[[88.8561,21.8653],[88.8372,21.8431],[88.835,21.7817],[88.8644,21.7792],[88.8811,21.7472],[88.9133,21.7278],[88.9214,21.7436],[88.8914,21.7536],[88.8981,21.7786],[88.8822,21.7972],[88.8772,21.8517],[88.8567,21.8561],[88.8561,21.8653]]],[[[88.1369,21.875],[88.1222,21.866],[88.0736,21.7817],[88.0614,21.7344],[88.0442,21.7177],[88.0367,21.675],[88.0414,21.6494],[88.1092,21.6258],[88.1422,21.6325],[88.1547,21.65],[88.1553,21.6814],[88.1434,21.6796],[88.1546,21.6845],[88.1707,21.7424],[88.1636,21.7995],[88.1725,21.812],[88.1369,21.875]]],[[[88.7892,21.8786],[88.7769,21.867],[88.7822,21.8597],[88.7711,21.8528],[88.7658,21.8289],[88.7897,21.8214],[88.795,21.7914],[88.8211,21.825],[88.8189,21.8517],[88.8211,21.8397],[88.8297,21.8622],[88.8217,21.8711],[88.803,21.8672],[88.8006,21.8778],[88.7878,21.8636],[88.7892,21.8786]]],[[[88.9791,21.8935],[88.9693,21.8902],[88.9791,21.8674],[88.9503,21.8381],[88.9565,21.8269],[88.9779,21.8235],[88.9765,21.8047],[88.9539,21.8033],[88.9428,21.7865],[88.9705,21.7751],[88.9853,21.7878],[88.9942,21.8142],[89.0143,21.8149],[89.0091,21.823],[89.0174,21.8159],[89.03,21.8345],[89.0275,21.8463],[88.9892,21.8681],[88.9981,21.8711],[89.0093,21.8532],[89.0248,21.8492],[89.0285,21.8663],[88.9791,21.8935]]],[[[88.6217,21.8978],[88.5947,21.8544],[88.6211,21.8314],[88.6119,21.8167],[88.6225,21.7928],[88.6389,21.7847],[88.6535,21.8677],[88.6333,21.8697],[88.6217,21.8978]]],[[[88.8169,21.9011],[88.8003,21.8706],[88.8214,21.8725],[88.8294,21.8647],[88.8406,21.8875],[88.8169,21.9011]]],[[[88.5623,21.8975],[88.5412,21.9026],[88.5502,21.8804],[88.5405,21.8704],[88.5425,21.8556],[88.5306,21.8492],[88.551,21.8173],[88.55,21.8317],[88.5631,21.8309],[88.5728,21.8588],[88.5764,21.8886],[88.5707,21.9011],[88.5623,21.8975]]],[[[88.4465,21.9049],[88.419,21.9024],[88.4186,21.8889],[88.4,21.8725],[88.3925,21.8326],[88.4015,21.798],[88.424,21.8124],[88.4306,21.8005],[88.4455,21.8017],[88.4615,21.7898],[88.4481,21.8153],[88.4885,21.8378],[88.4901,21.8564],[88.4821,21.8878],[88.4465,21.9049]]],[[[88.7181,21.9072],[88.6969,21.8486],[88.7031,21.8575],[88.7175,21.8556],[88.7033,21.8561],[88.6967,21.8381],[88.7025,21.8242],[88.7281,21.8375],[88.7167,21.8261],[88.705,21.8278],[88.7075,21.8114],[88.7258,21.7944],[88.7517,21.8153],[88.7578,21.7811],[88.7772,21.8217],[88.7639,21.8286],[88.7686,21.8525],[88.7806,21.8594],[88.7483,21.8961],[88.7181,21.9072]]],[[[88.5047,21.9128],[88.4769,21.8983],[88.4903,21.8894],[88.5047,21.9128]]],[[[88.64,21.9217],[88.6234,21.9014],[88.6345,21.8706],[88.6528,21.8733],[88.6675,21.9117],[88.64,21.9217]]],[[[88.8366,21.9179],[88.822,21.929],[88.8217,21.9186],[88.8542,21.8894],[88.8572,21.8586],[88.8781,21.8539],[88.888,21.8122],[88.9231,21.8244],[88.9228,21.8356],[88.9392,21.85],[88.9208,21.8547],[88.9139,21.8792],[88.9069,21.8789],[88.9156,21.8803],[88.9178,21.8606],[88.9392,21.8536],[88.9472,21.8406],[88.9569,21.8697],[88.9433,21.8847],[88.9589,21.8697],[88.9561,21.8536],[88.9767,21.8675],[88.9661,21.8903],[88.9739,21.8978],[88.9152,21.9282],[88.8901,21.9147],[88.8366,21.9179]]],[[[88.7236,21.9319],[88.7194,21.9086],[88.7489,21.8972],[88.7761,21.8697],[88.7908,21.8792],[88.7897,21.8647],[88.8081,21.8844],[88.8142,21.9028],[88.7994,21.9197],[88.7558,21.9269],[88.7361,21.9181],[88.7236,21.9319]]],[[[88.7454,21.9797],[88.7237,21.9738],[88.7222,21.943],[88.7333,21.9247],[88.7994,21.9259],[88.8058,21.9365],[88.7889,21.9407],[88.7865,21.9526],[88.7758,21.9414],[88.7507,21.9549],[88.7547,21.9747],[88.7454,21.9797]]],[[[88.66,22.0192],[88.6349,21.996],[88.6286,21.958],[88.6782,21.9429],[88.6881,21.9528],[88.6683,21.9539],[88.6947,21.9614],[88.6848,21.9741],[88.6867,21.9911],[88.6928,21.9697],[88.7158,22.0006],[88.66,22.0192]]],[[[88.1414,22.0264],[88.0939,22.0114],[88.0733,21.9953],[88.052,21.9476],[88.0472,21.9117],[88.0875,21.9328],[88.1414,22.0264]]],[[[88.8128,22.0194],[88.8014,22.0297],[88.7617,22.0149],[88.7616,22.0078],[88.7725,22.0122],[88.7536,21.9881],[88.7767,21.9908],[88.7898,21.9853],[88.7822,21.9743],[88.8003,21.9705],[88.782,21.9727],[88.7744,21.9897],[88.7533,21.9853],[88.7525,21.9561],[88.7756,21.9433],[88.7872,21.955],[88.7906,21.9417],[88.8248,21.9398],[88.8566,21.9191],[88.9073,21.9295],[88.9025,22.0117],[88.8761,22.0119],[88.8664,22.0244],[88.8128,22.0194]]],[[[88.7638,22.0517],[88.7514,22.0503],[88.7617,22.0214],[88.791,22.0294],[88.7761,22.0494],[88.7638,22.0517]]],[[[88.9028,22.0453],[88.8864,22.0578],[88.8902,22.0458],[88.852,22.0412],[88.877,22.0148],[88.8917,22.0147],[88.9017,22.0189],[88.9028,22.0453]]],[[[89.0162,22.0509],[89.0157,22.0629],[89.0083,22.0508],[89.0017,22.0594],[88.9849,22.0549],[88.9681,22.0155],[88.9792,22.0047],[88.9746,21.9933],[88.9994,22.0071],[88.9756,21.9914],[88.9897,21.9857],[88.9924,21.9736],[89.0325,22.0021],[89.0054,21.9865],[89.0181,21.9755],[88.9995,21.9495],[89.0303,21.9264],[89.0495,21.9298],[89.0415,21.9326],[89.041,21.951],[89.0433,21.9329],[89.0601,21.9321],[89.0703,21.9544],[89.0694,21.9847],[89.0724,21.9693],[89.0777,21.9815],[89.0736,22.0042],[89.0408,22.0489],[89.0162,22.0509]]],[[[88.8119,22.0608],[88.788,22.0599],[88.7802,22.0378],[88.8319,22.027],[88.8317,22.0497],[88.8119,22.0608]]],[[[88.8706,22.0789],[88.82,22.0642],[88.8325,22.0517],[88.8456,22.0617],[88.8317,22.0447],[88.836,22.0254],[88.8596,22.026],[88.8549,22.045],[88.8903,22.0478],[88.87,22.0633],[88.8706,22.0789]]],[[[88.9041,22.0842],[88.8702,22.0869],[88.8713,22.0639],[88.8909,22.0604],[88.9041,22.0842]]],[[[88.7223,22.0991],[88.6948,22.0875],[88.6929,22.0781],[88.7223,22.0991]]],[[[88.8035,22.0853],[88.7989,22.1084],[88.7833,22.1067],[88.7484,22.0574],[88.7815,22.0484],[88.7872,22.0722],[88.7935,22.0558],[88.8274,22.0713],[88.8347,22.0652],[88.8278,22.086],[88.8035,22.0853]]],[[[88.8179,22.123],[88.8064,22.1252],[88.7987,22.1109],[88.8055,22.0851],[88.8253,22.0873],[88.8192,22.1044],[88.8378,22.0732],[88.8675,22.0825],[88.8384,22.0902],[88.8437,22.0981],[88.8414,22.0902],[88.8678,22.0846],[88.8457,22.1194],[88.8179,22.123]]],[[[88.8651,22.167],[88.8488,22.1689],[88.8602,22.1424],[88.8307,22.1271],[88.8459,22.122],[88.8525,22.1029],[88.8723,22.0878],[88.895,22.0912],[88.8922,22.1144],[88.8964,22.0908],[88.9153,22.09],[88.9233,22.107],[88.8999,22.1481],[88.8861,22.1648],[88.8651,22.167]]],[[[88.95,22.1892],[88.9256,22.1756],[88.9197,22.1611],[88.8939,22.1697],[88.9132,22.13],[88.9387,22.1271],[88.9294,22.1364],[88.9365,22.1428],[88.9306,22.137],[88.9403,22.128],[88.9232,22.1229],[88.9306,22.0978],[88.9014,22.0653],[88.9111,22.0443],[88.9127,21.9944],[88.9379,21.9346],[88.9661,21.9229],[88.9625,21.935],[88.9764,21.9461],[88.9647,21.9348],[88.9688,21.9211],[89.0126,21.902],[89.0213,21.9217],[88.9909,21.9519],[89.0136,21.9788],[88.9922,21.97],[88.9875,21.9838],[88.9725,21.9878],[88.9757,22.0043],[88.9622,22.0172],[88.9771,22.0384],[88.9611,22.0495],[88.964,22.0566],[88.94,22.0622],[88.935,22.0557],[88.9461,22.0],[88.9311,22.0],[88.9239,22.0242],[88.925,22.0653],[88.9669,22.0786],[88.9505,22.1042],[88.9692,22.0828],[88.985,22.1277],[88.9855,22.1379],[88.9794,22.131],[88.9691,22.1415],[88.9691,22.1555],[88.9533,22.1575],[88.97,22.1563],[88.9789,22.1326],[88.985,22.1481],[88.9607,22.1894],[88.95,22.1892]]],[[[89.0019,22.1992],[88.9727,22.1934],[88.9762,22.17],[88.9969,22.1385],[88.9804,22.0793],[88.9624,22.0605],[88.9779,22.0399],[88.9853,22.057],[89.0017,22.0603],[89.008,22.0525],[89.015,22.0644],[89.0172,22.0522],[89.026,22.0529],[89.0234,22.0788],[89.0277,22.0535],[89.0382,22.0534],[89.0355,22.1093],[89.0146,22.114],[89.0301,22.1229],[89.0165,22.1136],[89.0353,22.1105],[89.0505,22.1306],[89.0222,22.1486],[89.0141,22.1943],[89.0019,22.1992]]],[[[88.6952,22.2086],[88.6837,22.207],[88.6808,22.1875],[88.6529,22.1634],[88.6342,22.1062],[88.6537,22.0776],[88.6636,22.024],[88.721,22.0053],[88.7397,22.0177],[88.7359,22.0313],[88.6908,22.0573],[88.6828,22.0802],[88.7385,22.1349],[88.7664,22.1461],[88.7892,22.1694],[88.7689,22.18],[88.7655,22.192],[88.6952,22.2086]]],[[[88.8447,22.1892],[88.8273,22.2074],[88.8383,22.167],[88.8086,22.1792],[88.7761,22.1461],[88.7492,22.135],[88.7349,22.1044],[88.7029,22.0788],[88.7047,22.065],[88.7392,22.057],[88.7776,22.1112],[88.795,22.1144],[88.8041,22.1303],[88.8211,22.1267],[88.8556,22.1442],[88.8458,22.1478],[88.8514,22.1557],[88.8433,22.1672],[88.8681,22.1707],[88.864,22.1972],[88.8543,22.205],[88.8447,22.1892]]],[[[88.9324,22.225],[88.9188,22.2308],[88.9081,22.1968],[88.9315,22.177],[88.9446,22.1843],[88.9414,22.1922],[88.9616,22.1972],[88.9542,22.2216],[88.9324,22.225]]],[[[88.8126,22.2834],[88.7948,22.2759],[88.7916,22.2584],[88.7529,22.2315],[88.7472,22.1986],[88.767,22.1945],[88.7944,22.1705],[88.8101,22.1833],[88.8341,22.1669],[88.8275,22.195],[88.8053,22.2086],[88.7985,22.226],[88.8257,22.2414],[88.8264,22.264],[88.8155,22.264],[88.8126,22.2834]]],[[[88.8499,22.3629],[88.8183,22.3589],[88.8042,22.3297],[88.8122,22.3165],[88.8065,22.2857],[88.8296,22.2537],[88.8186,22.2309],[88.8006,22.2258],[88.8201,22.1962],[88.8299,22.2101],[88.8443,22.1903],[88.8552,22.2064],[88.8815,22.2003],[88.8823,22.2116],[88.8394,22.2155],[88.858,22.2441],[88.8758,22.2528],[88.8589,22.2436],[88.841,22.2143],[88.8835,22.2123],[88.8839,22.2005],[88.8662,22.1941],[88.8725,22.1711],[88.8858,22.1675],[88.8975,22.178],[88.9186,22.1654],[88.9209,22.1757],[88.9045,22.1972],[88.914,22.2158],[88.8859,22.2357],[88.8934,22.2515],[88.8875,22.2645],[88.8767,22.2736],[88.8653,22.2699],[88.8433,22.2897],[88.8651,22.2708],[88.8768,22.2745],[88.8876,22.2659],[88.8955,22.2524],[88.887,22.2363],[88.9139,22.2199],[88.9187,22.233],[88.9541,22.2252],[88.951,22.2433],[88.9303,22.2594],[88.9371,22.2987],[88.9111,22.3058],[88.8916,22.3431],[88.8499,22.3629]]],[[[88.9848,22.3824],[88.9889,22.3916],[88.9668,22.4071],[88.9742,22.395],[88.9539,22.3597],[88.9472,22.2556],[88.9617,22.2422],[88.9725,22.2097],[89.0197,22.2056],[89.0272,22.1881],[89.0229,22.1663],[89.0622,22.1284],[89.0963,22.155],[89.0686,22.1474],[89.0608,22.1673],[89.0672,22.1978],[89.037,22.2267],[89.0324,22.2573],[89.0145,22.2516],[89.018,22.2678],[88.9939,22.2861],[89,22.2981],[89.0233,22.2975],[89.0003,22.3231],[88.9836,22.3253],[88.9848,22.3824]]],[[[88.8619,22.3989],[88.8608,22.4097],[88.8553,22.3876],[88.8608,22.3708],[88.8986,22.3367],[88.8978,22.3642],[88.8748,22.3868],[88.8806,22.4032],[88.8655,22.3856],[88.8619,22.3989]]],[[[88.7814,22.5006],[88.8046,22.4437],[88.8198,22.4321],[88.8348,22.4338],[88.8217,22.4348],[88.8273,22.4468],[88.8123,22.4542],[88.81,22.481],[88.7814,22.5006]]],[[[88.8977,22.5489],[88.8883,22.5539],[88.8719,22.5311],[88.8692,22.5407],[88.8679,22.5223],[88.8436,22.5068],[88.8678,22.4874],[88.8584,22.4818],[88.8561,22.4228],[88.8822,22.4036],[88.8768,22.3864],[88.8981,22.3667],[88.888,22.3783],[88.9217,22.4014],[88.9028,22.4147],[88.908,22.4342],[88.8923,22.4654],[88.8928,22.4861],[88.9053,22.4984],[88.895,22.5008],[88.9058,22.5211],[88.8977,22.5489]]],[[[88.9202,22.5653],[88.895,22.5596],[88.9144,22.5103],[88.9058,22.5081],[88.8947,22.4661],[88.9204,22.4271],[88.9078,22.4158],[88.9254,22.4067],[88.9217,22.3919],[88.93,22.3903],[88.8964,22.3798],[88.9073,22.3358],[88.9422,22.3099],[88.9535,22.3655],[88.934,22.3964],[88.9394,22.419],[88.9466,22.42],[88.9353,22.3958],[88.9578,22.3647],[88.9703,22.3939],[88.9642,22.4092],[88.9986,22.4303],[88.9883,22.4431],[88.9953,22.4669],[88.9783,22.4825],[88.96,22.5486],[88.9202,22.5653]]]]}}]}